Date,O,H,L,C,V
2011-07-27,6.0,6.0,5.65,5.65,4
2011-07-28,5.55,5.65,5.55,5.65,100
2011-07-29,5.4,5.4,5.4,5.4,92
2011-08-01,5.6,5.6,5.6,5.6,373
2011-08-02,5.5,5.65,5.5,5.65,100
2011-08-03,5.5,5.6,5.2,5.6,1462
2011-08-04,5.35,5.6,5.3,5.6,891
2011-08-05,5.6,5.6,5.6,5.6,1518
2011-08-08,5.6,5.6,4.95,5.6,3670
2011-08-09,5.6,5.6,5.6,5.6,1775
2011-08-10,5.6,5.6,5.45,5.45,10673
2011-08-11,5.45,5.45,5.35,5.35,499
2011-08-12,5.6,5.6,5.6,5.6,187
2011-08-16,5.6,5.6,5.1,5.1,197
2011-08-17,6.1,6.1,5.0,5.55,1668
2011-08-18,5.05,5.55,5.0,5.0,6214
2011-08-19,5.4,5.45,4.9,5.1,955
2011-08-22,4.9,5.25,4.8,4.8,248
2011-08-23,5.25,5.3,5.25,5.3,500
2011-08-24,5.4,5.4,4.9,4.95,1483
2011-08-25,4.95,4.95,4.8,4.9,25858
2011-08-26,4.85,4.9,4.7,4.75,5175
2011-08-29,4.95,4.95,4.8,4.8,461
2011-08-30,4.8,4.9,4.8,4.85,802
2011-09-02,4.9,4.95,4.9,4.9,729
2011-09-05,4.85,5.0,4.85,5.0,770
2011-09-06,5.05,5.2,4.9,5.2,152
2011-09-08,5.2,5.2,5.1,5.2,223
2011-09-12,4.95,4.95,4.8,4.85,13552
2011-09-13,4.95,5.15,4.9,5.15,47
2011-09-14,5.0,5.1,4.85,5.1,541
2011-09-15,4.9,5.05,4.9,5.05,180
2011-09-16,4.95,5.05,4.95,5.05,120
2011-09-19,5.05,5.05,5.05,5.05,25
2011-09-20,4.85,5.0,4.75,5.0,531
2011-09-21,5.0,5.05,5.0,5.05,1019
2011-09-22,5.05,5.1,4.95,4.95,406
2011-09-23,4.95,5.2,4.75,4.95,3238
2011-09-26,4.9,4.95,4.8,4.9,1065
2011-09-27,4.9,4.95,4.8,4.9,2075
2011-09-28,4.95,4.95,4.95,4.95,22
2011-09-29,4.9,4.9,4.75,4.85,1762
2011-09-30,4.9,4.9,4.7,4.8,1421
2011-10-03,4.85,5.0,4.7,4.8,5624
2011-10-04,4.5,4.85,4.5,4.85,270
2011-10-05,4.85,4.85,4.7,4.75,184
2011-10-07,5.0,5.0,4.9,4.95,111
2011-10-10,4.95,4.95,4.7,4.9,93
2011-10-11,4.9,4.95,4.85,4.95,1107
2011-10-12,4.9,4.95,4.75,4.95,656
2011-10-13,4.95,4.95,4.9,4.95,450
2011-10-14,4.95,5.2,4.9,4.9,350
2011-10-17,5.0,5.1,5.0,5.1,1156
2011-10-18,5.1,5.1,4.95,4.95,331
2011-10-19,5.05,5.1,4.95,4.95,301
2011-10-20,5.1,5.1,5.1,5.1,50
2011-10-21,5.15,5.15,4.9,4.9,102
2011-10-24,5.0,5.45,5.0,5.1,2681
2011-10-25,5.1,5.1,5.0,5.0,2305
2011-10-26,5.25,5.25,5.15,5.15,100
2011-10-28,5.35,5.35,5.1,5.2,2219
2011-10-31,5.3,5.3,5.2,5.3,2620
2011-11-01,5.0,5.3,5.0,5.15,99
2011-11-02,5.3,5.4,5.2,5.2,1109
2011-11-03,5.25,5.3,5.25,5.3,120
2011-11-04,5.35,5.35,5.15,5.15,92
2011-11-08,5.3,5.3,5.3,5.3,46
2011-11-09,5.35,5.35,5.15,5.2,52
2011-11-11,5.3,5.3,5.0,5.2,1002
2011-11-14,5.25,5.25,5.05,5.05,581
2011-11-15,5.1,5.15,5.1,5.1,266
2011-11-16,5.1,5.15,4.9,5.05,301
2011-11-17,5.05,5.1,4.9,4.9,3282
2011-11-18,5.1,5.1,4.7,4.8,4435
2011-11-21,5.3,5.3,4.7,4.95,5320
2011-11-22,4.95,5.0,4.65,5.0,40
2011-11-23,4.95,4.95,4.8,4.9,80
2011-11-24,4.9,5.0,4.6,4.95,469
2011-11-25,5.1,5.1,4.8,4.8,414
2011-11-28,5.0,5.0,4.65,5.0,204
2011-11-29,4.7,4.9,4.7,4.9,434
2011-11-30,4.9,4.9,4.75,4.75,1002
2011-12-02,5.0,5.15,4.75,4.8,2430
2011-12-05,5.1,5.1,4.9,4.9,223
2011-12-07,5.05,5.1,4.95,4.95,340
2011-12-08,5.0,5.0,4.9,4.9,3329
2011-12-09,5.0,5.0,4.85,4.9,313
2011-12-12,4.85,5.05,4.65,5.05,342
2011-12-13,4.65,4.8,4.65,4.65,727
2011-12-14,4.95,4.95,4.6,4.6,19842
2011-12-15,4.6,4.7,4.6,4.6,3296
2011-12-16,4.85,5.4,4.5,4.6,5003
2011-12-19,4.6,4.85,4.6,4.85,171
2011-12-20,4.85,4.85,4.6,4.65,349
2011-12-21,4.85,4.9,4.6,4.65,231
2011-12-22,4.85,4.85,4.5,4.6,302
2011-12-23,4.6,4.6,4.6,4.6,415
2011-12-26,4.75,4.75,4.65,4.7,56
2011-12-28,4.5,5.6,4.45,4.75,2423
2011-12-29,4.95,5.0,4.95,5.0,16
2011-12-30,4.95,4.95,4.6,4.6,1107
2012-01-02,4.6,4.7,4.5,4.55,62
2012-01-03,4.6,4.75,4.55,4.65,316
2012-01-04,4.55,4.75,4.55,4.75,8
2012-01-05,4.75,4.75,4.75,4.75,1
2012-01-06,4.6,4.8,4.6,4.8,2
2012-01-07,4.8,4.85,4.65,4.75,275
2012-01-09,4.6,4.8,4.6,4.8,85
2012-01-10,4.8,4.8,4.8,4.8,1
2012-01-11,4.65,5.0,4.65,4.7,2634
2012-01-12,4.7,4.7,4.7,4.7,188
2012-01-13,4.7,4.7,4.7,4.7,100
2012-01-16,4.8,4.8,4.7,4.8,581
2012-01-17,4.8,4.8,4.8,4.8,171
2012-01-18,4.8,4.85,4.8,4.85,424
2012-01-19,4.85,5.1,4.85,5.0,2336
2012-01-20,4.85,5.15,4.85,5.05,100
2012-01-23,4.9,4.9,4.9,4.9,180
2012-01-24,5.15,5.15,4.9,4.95,50
2012-01-25,4.95,5.1,4.95,5.05,202
2012-01-27,5.0,5.15,5.0,5.1,1031
2012-01-30,5.2,5.2,5.0,5.0,115
2012-02-01,5.05,5.05,5.05,5.05,90
2012-02-02,5.05,5.15,5.05,5.15,970
2012-02-03,5.15,5.2,5.1,5.1,950
2012-02-06,5.2,5.2,5.2,5.2,608
2012-02-07,5.2,5.25,5.2,5.25,1406
2012-02-08,5.2,5.3,5.2,5.25,295
2012-02-09,5.4,5.4,5.25,5.25,340
2012-02-10,5.2,5.45,5.2,5.2,1212
2012-02-13,5.2,5.4,5.2,5.4,102
2012-02-14,5.25,5.4,5.25,5.4,150
2012-02-15,5.4,5.5,5.35,5.5,492675
2012-02-16,5.35,5.5,5.35,5.5,530
2012-02-17,5.55,5.55,5.4,5.5,232827
2012-02-21,5.5,5.5,5.4,5.4,530
2012-02-22,5.55,5.55,5.4,5.4,782
2012-02-23,5.4,5.45,5.4,5.4,2910
2012-02-24,5.5,5.5,5.35,5.5,300
2012-02-27,5.6,5.6,5.25,5.45,3201
2012-02-28,5.25,5.45,5.25,5.45,391
2012-02-29,5.4,5.4,5.4,5.4,190
2012-03-01,5.45,5.65,5.45,5.55,516
2012-03-02,5.25,5.25,5.25,5.25,4
2012-03-03,5.25,5.25,5.25,5.25,200
2012-03-05,5.3,5.55,5.2,5.2,229
2012-03-06,5.4,5.6,5.35,5.35,796
2012-03-07,5.5,5.6,5.3,5.55,594
2012-03-09,5.35,5.35,5.35,5.35,2
2012-03-12,5.5,5.5,5.5,5.5,21
2012-03-13,5.5,5.5,5.5,5.5,1
2012-03-14,5.35,5.35,5.35,5.35,23
2012-03-15,5.4,5.4,5.35,5.35,200
2012-03-16,5.45,5.55,5.3,5.3,1350
2012-03-19,5.5,5.6,5.5,5.5,19
2012-03-21,5.5,5.55,5.5,5.55,213
2012-03-26,5.2,5.2,5.1,5.1,1000
2012-03-27,5.25,5.25,5.15,5.15,200
2012-03-29,5.15,5.15,5.15,5.15,144
2012-04-03,5.4,5.5,5.3,5.45,51
2012-04-04,5.3,5.4,5.15,5.2,551
2012-04-09,5.35,5.35,5.35,5.35,2
2012-04-10,5.4,5.4,5.4,5.4,1
2012-04-16,5.3,5.7,4.9,5.35,755
2012-04-17,5.4,5.4,5.4,5.4,25
2012-04-18,5.15,5.25,5.15,5.2,100
2012-04-19,5.25,5.3,5.25,5.3,19
2012-04-20,5.1,5.2,5.1,5.1,733
2012-04-24,5.3,5.3,5.15,5.15,188
2012-04-25,5.15,5.15,5.15,5.15,294
2012-04-27,4.95,5.1,4.95,5.1,20
2012-04-30,5.1,5.15,5.05,5.1,49
2012-05-02,5.2,5.2,5.05,5.05,99
2012-05-04,5.1,5.25,5.1,5.1,255
2012-05-07,5.3,5.3,5.1,5.1,122
2012-05-08,5.2,5.2,5.2,5.2,343
2012-05-09,4.9,5.15,4.7,5.05,385
2012-05-10,5.2,5.4,4.85,4.9,191
2012-05-11,5.2,5.95,4.85,5.3,707
2012-05-14,5.3,5.3,5.0,5.15,8
2012-05-15,5.0,5.0,4.85,4.9,16
2012-05-16,4.8,5.2,4.75,4.8,431
2012-05-17,5.0,5.2,5.0,5.1,9
2012-05-18,5.1,5.2,4.75,5.2,205
2012-05-21,5.2,5.85,5.1,5.35,734
2012-05-23,5.5,5.8,5.5,5.8,31
2012-05-24,5.7,5.7,4.95,5.0,1418
2012-05-25,5.0,5.4,5.0,5.4,2
2012-05-28,5.1,5.1,5.1,5.1,233
2012-05-30,5.4,5.4,5.0,5.15,74
2012-05-31,4.95,4.95,4.95,4.95,1
2012-06-01,5.0,5.3,4.95,4.95,232
2012-06-04,5.2,5.2,5.2,5.2,10
2012-06-07,5.0,5.0,4.95,4.95,50
2012-06-08,5.0,5.1,5.0,5.0,1169
2012-06-11,5.5,5.5,5.4,5.4,320
2012-06-12,5.2,5.3,5.1,5.2,2889
2012-06-13,5.05,5.05,5.05,5.05,310
2012-06-14,5.0,5.0,5.0,5.0,90
2012-06-15,5.0,5.1,5.0,5.0,4
2012-06-18,5.1,5.15,4.9,4.95,203
2012-06-21,5.0,5.1,5.0,5.05,94
2012-06-22,5.05,5.1,5.0,5.0,160
2012-06-25,4.95,4.95,4.95,4.95,216
2012-06-26,5.15,5.4,5.05,5.2,2305
2012-06-28,5.4,5.4,5.2,5.2,56
2012-06-29,5.4,5.4,5.4,5.4,1
2012-07-02,5.2,5.2,5.1,5.1,107
2012-07-03,5.5,5.5,5.3,5.3,34
2012-07-04,5.35,5.35,5.2,5.2,15
2012-07-05,5.05,5.05,5.05,5.05,100
2012-07-06,5.3,5.3,5.15,5.3,13
2012-07-09,5.3,5.3,5.3,5.3,200
2012-07-11,5.1,5.3,5.1,5.3,240
2012-07-12,5.3,5.3,5.3,5.3,72
2012-07-13,5.25,5.3,5.25,5.25,112
2012-07-16,5.1,5.1,5.1,5.1,1
2012-07-17,5.25,5.25,5.25,5.25,57
2012-07-19,5.25,5.25,5.25,5.25,11
2012-07-20,5.1,5.1,5.05,5.05,20
2012-07-23,5.1,5.1,5.05,5.05,52
2012-07-25,5.1,5.1,5.05,5.05,2
2012-07-26,5.05,5.05,5.05,5.05,89
2012-07-30,5.1,5.1,4.75,5.0,3393
2012-07-31,5.1,5.1,5.05,5.05,10
2012-08-01,5.0,5.1,4.8,4.85,100
2012-08-02,5.0,5.1,5.0,5.05,71
2012-08-03,5.0,5.0,4.9,4.9,12
2012-08-06,5.2,5.2,5.2,5.2,10
2012-08-07,5.2,6.3,5.0,5.5,2289
2012-08-08,5.5,5.5,5.15,5.35,454
2012-08-09,5.1,5.4,4.8,5.1,158
2012-08-10,5.4,5.4,5.1,5.3,216
2012-08-13,5.2,5.2,5.2,5.2,5
2012-08-14,5.4,5.4,5.2,5.3,10
2012-08-21,5.1,5.1,5.05,5.1,21
2012-08-22,5.05,5.4,5.05,5.35,33
2012-08-23,5.4,5.4,5.1,5.1,4
2012-08-24,5.0,5.1,5.0,5.05,123
2012-08-27,5.05,5.35,4.65,4.9,2180
2012-08-28,4.9,4.9,4.9,4.9,50
2012-08-29,5.0,5.0,4.9,4.9,10
2012-08-30,5.0,5.0,4.9,4.9,5
2012-08-31,5.0,5.0,4.8,4.85,286
2012-09-04,4.9,4.95,4.85,4.85,84
2012-09-06,4.8,4.8,4.75,4.8,39
2012-09-07,4.8,5.1,4.8,4.9,204
2012-09-10,5.0,5.1,5.0,5.0,4
2012-09-13,5.2,5.2,4.95,5.15,155
2012-09-14,5.25,5.3,4.95,5.25,1315
2012-09-17,5.3,5.4,5.15,5.4,1721
2012-09-18,5.3,5.3,5.2,5.25,1653
2012-09-20,5.3,5.55,5.15,5.3,175
2012-09-21,5.55,5.55,5.15,5.3,786
2012-09-24,5.2,5.2,5.05,5.1,261
2012-09-25,5.4,5.4,5.05,5.05,3951
2012-09-26,5.05,5.15,5.0,5.05,711
2012-09-27,5.05,5.2,5.05,5.2,1007
2012-09-28,5.1,5.25,5.1,5.25,247
2012-10-01,5.05,6.1,5.05,5.65,16802
2012-10-03,5.6,6.05,5.5,5.65,1743
2012-10-04,5.7,6.95,5.5,5.6,23195
2012-10-05,6.0,6.2,5.4,5.6,4444
2012-10-08,5.6,5.6,5.2,5.4,2129
2012-10-09,5.5,5.65,5.0,5.25,7808
2012-10-10,5.1,5.3,5.1,5.25,938
2012-10-11,5.2,5.3,5.05,5.2,223
2012-10-12,5.2,5.2,5.15,5.15,359
2012-10-15,5.2,5.2,5.2,5.2,200
2012-10-16,5.2,5.25,5.1,5.15,751
2012-10-17,5.15,5.2,5.15,5.2,376
2012-10-18,5.15,5.3,5.15,5.3,19
2012-10-22,5.2,5.2,5.2,5.2,500
2012-10-23,5.25,5.25,5.25,5.25,100
2012-10-25,5.25,5.25,5.25,5.25,693
2012-10-29,5.25,5.25,5.25,5.25,100
2012-10-30,5.4,5.5,5.2,5.2,1226
2012-11-01,5.2,5.3,5.2,5.3,400
2012-11-05,5.3,5.3,5.3,5.3,10
2012-11-06,5.4,5.4,5.3,5.3,110
2012-11-07,5.35,5.35,5.3,5.3,60
2012-11-08,5.3,5.4,5.3,5.35,551
2012-11-09,5.2,5.35,5.2,5.3,380
2012-11-12,5.05,5.5,5.05,5.3,372
2012-11-13,5.05,5.5,5.05,5.35,340
2012-11-15,5.15,5.3,5.15,5.3,140
2012-11-16,5.3,5.3,5.25,5.25,40
2012-11-20,5.15,5.15,5.15,5.15,1
2012-11-21,4.9,5.3,4.9,5.3,903
2012-11-22,5.4,5.4,5.2,5.25,662
2012-11-27,5.3,5.6,5.25,5.3,1900
2012-11-29,5.5,5.75,5.3,5.35,1126
2012-11-30,5.6,5.7,5.4,5.55,280
2012-12-03,5.5,5.5,5.35,5.5,617
2012-12-04,5.35,5.5,5.35,5.35,720
2012-12-05,5.55,5.55,5.35,5.35,600
2012-12-06,5.5,5.5,5.5,5.5,181
2012-12-07,5.35,5.4,5.35,5.35,682
2012-12-10,5.45,5.45,5.35,5.4,378
2012-12-11,5.3,5.5,5.3,5.35,428
2012-12-12,5.4,5.4,5.35,5.35,237
2012-12-13,5.4,5.4,5.4,5.4,89
2012-12-14,5.4,5.4,5.3,5.3,662
2012-12-17,5.55,5.55,5.35,5.35,149
2012-12-18,5.55,5.55,5.35,5.35,589
2012-12-19,5.6,5.6,5.4,5.4,129
2012-12-20,5.5,5.5,5.5,5.5,10
2012-12-21,5.5,5.5,5.35,5.35,69
2012-12-24,5.5,5.5,5.4,5.4,613
2012-12-26,5.5,5.5,5.5,5.5,80
2012-12-27,5.45,5.5,5.45,5.5,130
2012-12-28,5.5,5.5,5.5,5.5,1218
2013-01-01,5.4,5.45,5.35,5.45,1592
2013-01-02,5.55,5.55,5.4,5.4,187
2013-01-04,5.6,5.6,5.5,5.5,325
2013-01-07,5.9,5.9,5.45,5.45,104
2013-01-08,5.45,5.5,5.45,5.5,1444
2013-01-09,5.4,5.6,5.4,5.45,1624
2013-01-10,5.5,5.7,5.5,5.55,955
2013-01-11,6.4,6.4,5.5,5.6,378
2013-01-14,5.6,5.6,5.6,5.6,16
2013-01-15,5.6,5.7,5.5,5.7,143
2013-01-16,5.7,5.7,5.4,5.45,578
2013-01-18,5.7,5.7,5.4,5.5,654
2013-01-21,5.5,5.6,5.5,5.6,300
2013-01-22,5.55,5.55,5.5,5.5,992
2013-01-23,5.5,5.55,5.5,5.5,345
2013-01-24,5.6,5.75,5.6,5.6,550
2013-01-25,6.0,6.0,5.4,5.55,1312
2013-01-28,5.5,5.5,5.5,5.5,106
2013-01-29,5.45,5.5,5.45,5.5,1034
2013-01-30,5.45,5.45,5.45,5.45,30
2013-02-01,5.9,5.9,5.55,5.65,200
2013-02-05,5.5,5.5,5.5,5.5,401
2013-02-07,5.8,5.8,5.8,5.8,521
2013-02-08,5.9,5.9,5.45,5.5,104
2013-02-11,5.9,5.9,5.85,5.85,618
2013-02-12,5.85,5.85,5.85,5.85,27
2013-02-13,5.9,5.9,5.7,5.7,58
2013-02-14,5.75,5.75,5.65,5.75,300
2013-02-15,5.8,5.8,5.8,5.8,4
2013-02-19,5.7,5.7,5.7,5.7,5
2013-02-20,5.55,5.7,5.55,5.65,868
2013-02-21,5.5,5.5,5.45,5.45,7
2013-02-22,6.0,6.0,5.4,5.5,997
2013-02-25,5.8,5.8,5.45,5.45,159
2013-02-26,5.8,5.8,5.45,5.45,1684
2013-02-27,5.95,5.95,5.4,5.45,726
2013-02-28,5.75,5.75,5.75,5.75,19
2013-03-01,5.8,5.9,5.55,5.65,1311
2013-03-04,5.6,5.8,5.6,5.7,554
2013-03-05,5.8,5.8,5.45,5.5,2268
2013-03-06,5.5,5.5,5.4,5.4,2402
2013-03-07,5.65,5.7,5.6,5.6,9114
2013-03-08,5.75,5.8,5.6,5.8,842
2013-03-11,5.8,5.85,5.75,5.85,1921
2013-03-12,5.8,5.8,5.7,5.75,201
2013-03-13,5.8,5.8,5.8,5.8,2
2013-03-14,5.85,5.85,5.6,5.8,31765
2013-03-15,5.9,5.95,5.5,5.7,759
2013-03-18,6.0,6.0,5.6,5.7,597
2013-03-19,5.9,5.95,5.45,5.7,1195
2013-03-20,5.8,5.8,5.8,5.8,5
2013-03-21,5.8,5.8,5.8,5.8,216
2013-03-22,5.8,5.8,5.5,5.65,491
2013-03-25,5.4,5.85,4.8,5.75,957
2013-03-26,5.25,5.85,5.25,5.8,1093
2013-03-28,5.9,5.95,5.7,5.9,2362
2013-04-01,5.95,5.95,5.85,5.85,104
2013-04-02,5.9,5.95,5.75,5.95,1072
2013-04-03,5.75,6.0,5.65,5.8,588
2013-04-04,5.6,5.85,5.6,5.8,887
2013-04-05,5.8,5.8,5.6,5.6,105
2013-04-08,5.8,5.8,5.55,5.8,212
2013-04-09,5.8,5.8,5.5,5.55,301
2013-04-10,5.55,5.65,5.5,5.5,643
2013-04-11,5.7,5.7,5.5,5.6,102
2013-04-12,5.65,5.65,5.4,5.45,547
2013-04-15,5.6,5.6,5.5,5.5,40
2013-04-16,5.3,5.55,5.3,5.45,925
2013-04-17,5.45,5.45,5.45,5.45,14
2013-04-18,5.4,5.55,5.4,5.55,38
2013-04-22,5.7,5.7,5.45,5.5,105
2013-04-23,5.5,5.5,5.45,5.45,71
2013-04-25,5.5,5.5,5.5,5.5,118
2013-04-26,5.8,5.8,5.55,5.55,132
2013-04-30,5.5,5.5,5.5,5.5,212
2013-05-02,5.6,5.7,5.5,5.5,350
2013-05-03,5.8,5.8,5.6,5.65,439
2013-05-06,5.55,5.55,5.55,5.55,433
2013-05-07,6.0,6.0,5.55,5.55,592
2013-05-08,5.85,5.85,5.55,5.65,9
2013-05-09,5.55,5.6,5.55,5.6,31
2013-05-10,5.6,5.7,5.6,5.7,2259
2013-05-13,5.7,5.7,5.6,5.6,318
2013-05-14,5.65,5.65,5.65,5.65,200
2013-05-15,5.7,5.75,5.6,5.7,2142
2013-05-16,5.65,5.75,5.65,5.7,1073
2013-05-17,5.7,5.75,5.65,5.7,700
2013-05-20,5.65,5.8,5.65,5.75,523
2013-05-21,5.75,5.75,5.7,5.7,429
2013-05-22,5.85,5.85,5.85,5.85,200
2013-05-23,5.7,5.7,5.65,5.65,105
2013-05-24,5.75,5.75,5.55,5.55,307
2013-05-27,5.95,5.95,5.6,5.6,640
2013-05-28,5.6,5.65,5.55,5.6,8
2013-05-30,5.7,5.7,5.7,5.7,99
2013-05-31,5.6,5.7,5.6,5.6,841
2013-06-03,5.6,5.6,5.6,5.6,10
2013-06-04,5.6,5.8,5.6,5.75,307
2013-06-05,5.75,5.8,5.7,5.75,62
2013-06-06,5.7,5.7,5.65,5.65,272
2013-06-07,5.8,5.8,5.65,5.65,197
2013-06-10,5.6,5.6,5.6,5.6,1316
2013-06-11,5.6,5.6,5.35,5.4,1138
2013-06-12,5.5,5.6,5.5,5.6,260
2013-06-14,5.6,5.6,5.5,5.5,12
2013-06-17,5.65,5.7,5.65,5.7,51
2013-06-18,5.65,5.65,5.65,5.65,50
2013-06-19,5.5,5.65,5.5,5.6,259
2013-06-20,5.55,5.6,5.55,5.6,230
2013-06-21,5.45,5.6,5.45,5.5,1107
2013-06-25,5.45,5.5,5.45,5.45,423
2013-06-26,5.5,5.5,5.45,5.45,2
2013-06-27,5.6,5.75,5.6,5.7,1200
2013-06-28,5.45,5.45,5.45,5.45,8
2013-07-01,5.45,5.5,5.45,5.5,457
2013-07-02,5.55,5.55,5.55,5.55,455
2013-07-03,5.5,5.75,5.5,5.6,777
2013-07-04,5.5,5.5,5.5,5.5,92
2013-07-09,5.7,5.7,5.45,5.7,191
2013-07-10,5.7,5.75,5.5,5.7,72
2013-07-11,5.55,5.75,5.5,5.65,468
2013-07-12,5.5,5.55,5.4,5.55,570
2013-07-17,5.5,5.5,5.5,5.5,200
2013-07-18,5.7,5.7,5.5,5.6,3
2013-07-23,5.6,5.6,5.55,5.55,275
2013-07-24,5.55,5.55,5.55,5.55,11
2013-07-25,5.9,6.0,5.9,5.95,300
2013-07-30,5.9,5.9,5.5,5.6,640
2013-07-31,5.45,5.45,5.4,5.4,81
2013-08-01,5.9,5.9,5.6,5.9,106
2013-08-02,5.5,5.6,5.5,5.6,405
2013-08-05,5.7,5.7,5.5,5.7,237
2013-08-06,5.4,5.6,5.3,5.45,79
2013-08-07,5.3,5.3,5.3,5.3,1
2013-08-08,5.7,5.9,5.4,5.4,737
2013-08-12,5.4,5.7,5.4,5.65,150
2013-08-13,5.7,5.7,5.5,5.5,501
2013-08-14,5.95,5.95,5.6,5.6,36
2013-08-16,5.7,5.8,5.55,5.55,1995
2013-08-19,5.7,5.75,5.45,5.75,2245
2013-08-20,5.7,5.7,5.4,5.4,77
2013-08-21,5.5,5.5,5.5,5.5,18
2013-08-22,5.7,5.8,5.5,5.65,405
2013-08-23,5.85,5.85,5.7,5.8,585
2013-08-26,5.8,5.9,5.75,5.75,1018
2013-08-27,5.75,5.75,5.35,5.45,268
2013-08-28,5.7,5.7,5.25,5.25,204
2013-08-29,5.6,5.6,5.3,5.6,218
2013-08-30,5.7,5.7,5.6,5.7,25
2013-09-02,5.7,5.7,5.35,5.55,431
2013-09-03,5.6,5.6,5.5,5.5,226
2013-09-04,5.65,5.65,5.45,5.45,118
2013-09-05,5.65,5.65,5.4,5.4,98
2013-09-06,5.4,5.55,5.4,5.45,209
2013-09-10,5.5,5.8,5.45,5.8,524
2013-09-11,5.8,5.8,5.45,5.55,694
2013-09-12,5.5,5.75,5.45,5.6,152
2013-09-13,5.8,5.8,5.55,5.65,69
2013-09-16,5.8,5.8,5.45,5.45,454
2013-09-17,5.7,5.7,5.5,5.5,40
2013-09-18,5.75,5.75,5.6,5.6,121
2013-09-19,5.8,5.8,5.55,5.55,1019
2013-09-20,5.9,5.9,5.7,5.75,168
2013-09-23,5.8,5.8,5.65,5.65,82
2013-09-24,5.75,5.75,5.6,5.6,149
2013-09-25,5.75,5.75,5.7,5.7,19
2013-09-26,5.7,5.7,5.6,5.6,38
2013-09-27,5.7,5.7,5.5,5.5,20
2013-09-30,5.5,5.5,5.45,5.45,623
2013-10-01,5.55,5.55,5.45,5.45,416
2013-10-03,5.6,5.7,5.6,5.65,23
2013-10-04,5.45,5.6,5.45,5.55,293
2013-10-07,5.7,5.7,5.5,5.5,410
2013-10-08,5.65,5.65,5.5,5.55,611
2013-10-09,5.7,5.7,5.7,5.7,101
2013-10-10,5.7,5.7,5.7,5.7,43
2013-10-11,5.7,5.7,5.6,5.6,441
2013-10-14,5.5,5.7,5.5,5.6,1266
2013-10-15,5.7,5.7,5.6,5.6,37
2013-10-17,5.7,5.7,5.6,5.6,27
2013-10-18,5.7,5.7,5.7,5.7,134
2013-10-21,5.7,5.8,5.5,5.7,109
2013-10-22,5.7,5.7,5.6,5.65,117
2013-10-23,5.7,5.85,5.7,5.7,1242
2013-10-24,5.85,5.85,5.6,5.65,55
2013-10-25,5.8,5.8,5.7,5.8,35
2013-10-28,5.8,5.8,5.7,5.8,21
2013-10-29,5.7,5.8,5.7,5.7,383
2013-10-30,5.7,5.8,5.7,5.7,11
2013-10-31,5.7,5.7,5.7,5.7,90
2013-11-01,5.75,5.85,5.75,5.85,1947
2013-11-03,5.85,5.85,5.75,5.75,42
2013-11-05,5.85,5.85,5.75,5.8,471
2013-11-06,5.85,5.9,5.8,5.8,125
2013-11-07,5.85,5.85,5.7,5.7,977
2013-11-08,5.9,5.9,5.75,5.9,346
2013-11-11,5.9,5.9,5.9,5.9,346
2013-11-12,5.9,5.9,5.9,5.9,207
2013-11-13,5.9,5.9,5.8,5.8,34
2013-11-14,5.9,5.9,5.9,5.9,17
2013-11-18,5.9,5.9,5.9,5.9,20
2013-11-19,5.9,5.9,5.75,5.75,117
2013-11-20,5.9,5.9,5.7,5.7,117
2013-11-21,5.7,5.8,5.7,5.8,651
2013-11-22,5.9,5.9,5.7,5.7,121
2013-11-26,5.7,5.95,5.7,5.7,120
2013-11-29,5.9,5.9,5.75,5.75,56
2013-12-02,5.85,5.85,5.75,5.75,160
2013-12-03,5.9,5.9,5.85,5.85,202
2013-12-05,5.85,5.85,5.85,5.85,15
2013-12-09,5.85,5.95,5.8,5.9,553
2013-12-10,5.8,6.0,5.8,5.95,221
2013-12-12,6.0,6.0,5.95,5.95,70
2013-12-16,5.95,6.0,5.8,5.95,18
2013-12-17,5.8,5.95,5.8,5.95,1103
2013-12-18,6.0,6.0,5.75,5.75,180
2013-12-19,5.95,5.95,5.95,5.95,13
2013-12-20,5.75,5.95,5.7,5.95,46
2013-12-23,5.95,6.05,5.95,6.05,1113
2013-12-24,6.0,6.0,5.95,5.95,589
2013-12-26,5.85,6.1,5.8,6.05,2033
2013-12-27,5.85,6.05,5.85,6.05,107
2013-12-30,6.05,6.2,6.05,6.15,130
2013-12-31,6.3,6.3,5.9,6.15,387
2014-01-01,6.1,6.1,5.9,6.1,14
2014-01-03,6.1,6.2,6.1,6.2,129
2014-01-06,6.1,6.1,5.7,5.8,334
2014-01-07,6.1,6.1,5.85,6.1,316
2014-01-09,6.1,6.15,6.1,6.15,162
2014-01-10,5.8,6.15,5.8,6.15,75
2014-01-13,6.1,6.2,6.1,6.15,4
2014-01-14,5.85,6.0,5.85,6.0,130
2014-01-15,6.1,6.1,6.0,6.0,20
2014-01-16,6.0,6.0,6.0,6.0,20
2014-01-17,6.0,6.0,6.0,6.0,70
2014-01-20,6.1,6.2,5.85,5.85,132
2014-01-21,6.1,6.2,5.85,5.85,300
2014-01-22,6.1,6.25,6.0,6.0,52
2014-01-23,6.3,6.3,5.9,5.95,30
2014-01-24,5.65,6.1,5.5,6.05,1138
2014-01-27,6.0,6.0,6.0,6.0,20
2014-01-28,5.95,5.95,5.95,5.95,200
2014-01-29,6.0,6.3,5.9,6.0,658
2014-01-30,5.9,5.9,5.85,5.9,1426
2014-02-03,5.85,5.95,5.85,5.85,320
2014-02-04,5.85,5.85,5.85,5.85,10
2014-02-05,5.8,5.8,5.8,5.8,1
2014-02-06,5.85,5.85,5.8,5.8,259
2014-02-10,5.8,5.9,5.8,5.9,352
2014-02-11,5.9,5.9,5.8,5.8,850
2014-02-12,5.95,5.95,5.85,5.95,5
2014-02-13,5.8,5.8,5.8,5.8,727
2014-02-14,5.8,5.85,5.8,5.85,220
2014-02-17,5.75,5.95,5.7,5.95,53
2014-02-18,5.8,5.8,5.8,5.8,2
2014-02-19,6.1,6.1,6.05,6.05,20
2014-02-20,5.75,5.95,5.75,5.95,40
2014-02-21,5.9,5.9,5.9,5.9,97
2014-02-24,6.0,6.0,5.8,5.9,3559
2014-02-26,6.1,6.1,6.1,6.1,101
2014-02-28,5.9,6.0,5.9,6.0,37
2014-03-04,5.9,5.95,5.9,5.95,204
2014-03-06,6.0,6.0,6.0,6.0,10
2014-03-07,6.0,6.05,6.0,6.0,1586
2014-03-10,5.9,6.0,5.9,6.0,50
2014-03-11,6.0,6.0,6.0,6.0,95
2014-03-12,6.1,6.3,5.95,5.95,234
2014-03-13,6.3,6.3,6.2,6.2,179
2014-03-14,6.2,6.2,5.9,5.9,3
2014-03-18,5.85,5.85,5.85,5.85,3
2014-03-19,5.85,6.0,5.85,6.0,21
2014-03-20,6.2,6.2,5.85,5.9,561
2014-03-21,6.0,6.0,5.95,5.95,1270
2014-03-22,6.0,6.0,6.0,6.0,100
2014-03-24,6.2,6.2,6.0,6.0,24
2014-03-25,6.0,6.1,6.0,6.1,161
2014-03-26,6.0,6.0,6.0,6.0,200
2014-03-27,6.2,6.2,5.9,5.95,622
2014-03-28,6.0,6.0,6.0,6.0,1
2014-03-31,6.0,6.35,5.95,6.3,891
2014-04-01,6.25,6.35,6.05,6.3,62
2014-04-02,6.1,6.1,6.1,6.1,20
2014-04-04,6.1,6.1,6.1,6.1,5
2014-04-09,6.2,6.3,6.2,6.2,309
2014-04-10,6.4,6.4,6.4,6.4,78
2014-04-11,6.2,6.2,6.2,6.2,50
2014-04-16,6.1,6.25,6.05,6.1,2121
2014-04-17,6.1,6.1,6.1,6.1,100
2014-04-22,6.15,6.2,6.1,6.2,1378
2014-04-23,6.35,6.35,6.2,6.3,395
2014-04-25,6.3,6.3,6.15,6.2,571
2014-04-29,6.2,6.3,5.65,6.2,3353
2014-04-30,6.35,6.35,6.15,6.15,250
2014-05-02,6.3,6.4,6.2,6.4,214
2014-05-06,6.4,6.4,6.25,6.25,120
2014-05-08,6.35,6.35,6.35,6.35,1000
2014-05-09,6.45,6.5,6.25,6.25,235
2014-05-12,6.3,6.45,6.3,6.4,900
2014-05-13,6.6,6.6,6.4,6.45,369
2014-05-14,6.7,6.95,6.4,6.7,2062
2014-05-15,6.8,7.05,6.55,6.85,991
2014-05-16,7.0,7.0,6.7,6.7,626
2014-05-19,7.0,7.0,6.8,6.95,203
2014-05-20,7.0,7.15,6.8,7.1,4212
2014-05-21,6.8,7.1,6.8,7.0,35
2014-05-22,7.1,7.1,7.1,7.1,65
2014-05-23,6.8,6.8,6.8,6.8,90
2014-05-26,7.1,7.1,6.85,6.85,102
2014-05-27,6.85,7.1,6.8,6.85,203
2014-05-28,7.1,7.1,6.85,6.85,6
2014-05-29,7.2,7.2,6.9,7.2,23
2014-05-30,7.2,7.2,6.85,7.1,448
2014-06-02,7.1,7.1,6.9,7.1,694
2014-06-03,7.1,7.1,6.7,6.85,464
2014-06-04,7.1,7.2,6.85,7.1,545
2014-06-05,7.1,7.1,7.1,7.1,16
2014-06-06,6.95,7.1,6.95,7.1,76
2014-06-09,7.0,7.15,7.0,7.15,320
2014-06-10,7.15,7.15,6.9,7.15,50
2014-06-11,7.2,7.6,7.2,7.55,667
2014-06-12,7.6,7.6,7.4,7.55,454
2014-06-16,7.1,7.6,6.4,6.9,9802
2014-06-17,7.1,7.1,7.0,7.1,39
2014-06-18,7.1,7.5,7.05,7.05,676
2014-06-19,7.05,7.05,7.05,7.05,1
2014-06-20,7.1,7.2,7.05,7.05,664
2014-06-23,7.1,7.25,7.1,7.25,200
2014-06-24,7.1,7.1,7.1,7.1,200
2014-06-25,7.15,7.2,7.15,7.2,300
2014-06-26,7.2,7.2,7.15,7.2,1637
2014-06-27,7.3,7.3,7.15,7.2,1199
2014-06-30,7.3,7.3,7.1,7.1,156
2014-07-01,7.1,7.2,7.1,7.2,615
2014-07-02,7.15,7.35,7.15,7.25,156
2014-07-03,7.2,7.2,7.1,7.1,300
2014-07-04,7.3,7.3,7.0,7.0,1051
2014-07-07,7.1,7.3,7.1,7.15,1882
2014-07-08,7.15,7.15,7.15,7.15,4
2014-07-09,7.2,7.2,7.2,7.2,11
2014-07-10,7.2,7.2,7.0,7.05,1231
2014-07-11,7.0,7.2,6.95,7.05,4915
2014-07-14,7.0,7.2,7.0,7.2,116
2014-07-16,7.25,7.25,7.25,7.25,200
2014-07-17,7.25,7.25,7.25,7.25,162
2014-07-18,7.3,7.3,7.25,7.25,79
2014-07-21,7.3,7.4,7.3,7.3,232
2014-07-22,7.15,7.4,7.0,7.25,881
2014-07-23,7.2,7.4,7.2,7.2,350
2014-07-24,7.1,7.6,7.1,7.45,639
2014-07-25,7.4,7.5,7.15,7.35,283
2014-07-28,7.15,7.4,7.15,7.4,98
2014-07-30,7.15,7.25,7.15,7.25,100
2014-07-31,7.2,7.2,7.1,7.2,15
2014-08-04,7.4,7.55,7.4,7.55,1023
2014-08-05,7.2,7.45,7.05,7.45,705
2014-08-07,7.25,7.45,7.25,7.35,92
2014-08-08,7.45,7.45,7.45,7.45,66
2014-08-12,7.1,7.45,7.1,7.25,226
2014-08-13,7.3,7.3,7.3,7.3,4
2014-08-18,7.5,7.5,7.5,7.5,245
2014-08-19,7.7,7.9,7.5,7.7,293
2014-08-20,7.7,7.7,7.7,7.7,101
2014-08-21,7.8,7.8,7.25,7.45,1439
2014-09-01,7.65,7.65,7.4,7.4,15
2014-09-02,7.8,7.8,7.8,7.8,300
2014-09-03,7.8,7.95,7.65,7.9,584
2014-09-04,7.9,7.9,7.6,7.85,622
2014-09-05,7.8,7.8,7.55,7.75,185
2014-09-08,7.6,7.8,7.55,7.6,400
2014-09-09,7.8,7.8,7.6,7.6,47
2014-09-10,7.65,7.75,7.65,7.75,280
2014-09-11,7.75,7.9,7.75,7.75,362
2014-09-12,7.85,7.85,7.65,7.8,215
2014-09-15,7.8,7.8,7.8,7.8,15
2014-09-16,7.9,7.9,7.65,7.9,140
2014-09-17,7.55,7.7,7.55,7.65,122
2014-09-18,7.65,7.8,7.6,7.7,600
2014-09-19,7.9,7.9,7.7,7.7,14
2014-09-23,7.7,7.7,7.6,7.6,117
2014-09-25,7.7,7.7,7.7,7.7,100
2014-09-26,7.55,7.55,7.55,7.55,25
2014-09-29,7.7,7.7,7.7,7.7,100
2014-09-30,7.7,7.7,7.7,7.7,4
2014-10-01,7.6,7.75,7.6,7.75,24
2014-10-07,7.55,7.9,7.55,7.8,466
2014-10-08,7.75,7.8,7.55,7.6,600
2014-10-09,7.8,7.8,7.6,7.6,100
2014-10-10,7.75,7.8,7.7,7.7,179
2014-10-13,7.7,7.7,7.6,7.65,135
2014-10-14,7.6,7.65,7.25,7.5,941
2014-10-16,7.3,7.6,7.3,7.6,309
2014-10-20,7.6,7.6,7.6,7.6,388
2014-10-21,7.6,7.7,7.6,7.6,382
2014-10-23,7.8,7.8,7.6,7.75,180
2014-10-27,7.75,7.75,7.6,7.6,21
2014-10-29,7.75,7.75,7.7,7.75,108
2014-10-30,7.75,7.75,7.6,7.75,33
2014-10-31,7.75,7.75,7.75,7.75,361
2014-11-03,7.75,8.0,7.75,8.0,561
2014-11-05,8.0,8.1,7.95,8.1,1037
2014-11-07,8.1,8.1,8.0,8.05,642
2014-11-10,8.15,8.2,8.15,8.2,100
2014-11-11,8.2,8.2,8.05,8.05,32
2014-11-12,8.2,8.2,8.0,8.1,213
2014-11-13,8.15,8.15,8.0,8.0,767
2014-11-14,8.0,8.5,8.0,8.2,1298
2014-11-17,8.3,8.4,8.2,8.35,298
2014-11-18,8.35,8.4,8.3,8.4,572
2014-11-19,8.4,8.45,8.4,8.4,211
2014-11-20,8.4,8.4,8.4,8.4,20
2014-11-21,8.5,8.5,8.4,8.4,53
2014-11-24,8.4,8.5,8.35,8.4,1069
2014-11-25,8.2,8.2,8.2,8.2,200
2014-11-27,8.5,8.55,8.25,8.5,435
2014-11-28,8.2,8.5,8.2,8.3,301
2014-12-01,8.5,8.5,8.45,8.45,35
2014-12-02,8.25,8.25,8.25,8.25,76
2014-12-03,8.25,8.25,8.25,8.25,100
2014-12-04,8.5,8.5,8.5,8.5,25
2014-12-05,8.5,8.55,8.2,8.5,508
2014-12-08,8.5,8.55,7.85,8.15,11524
2014-12-10,8.5,8.5,8.35,8.35,131
2014-12-11,8.5,8.5,8.35,8.5,57
2014-12-12,8.5,8.8,8.35,8.7,1461
2014-12-15,8.5,8.9,8.5,8.85,7
2014-12-16,8.45,8.9,8.45,8.9,33
2014-12-17,8.9,8.9,8.3,8.9,98
2014-12-18,8.5,8.5,8.5,8.5,40
2014-12-19,8.5,8.5,8.5,8.5,1
2014-12-22,8.5,8.5,8.5,8.5,96
2014-12-23,8.5,9.15,8.3,8.5,1208
2014-12-24,8.7,8.7,8.5,8.5,203
2014-12-26,8.7,9.0,8.55,8.6,447
2014-12-29,9.0,9.0,8.6,8.6,211
2014-12-30,8.8,8.8,8.75,8.75,232
2014-12-31,9.0,10.1,8.75,9.75,4141
2015-01-01,9.6,9.7,9.6,9.7,3
2015-01-02,9.25,10.15,9.2,10.0,218
2015-01-05,9.5,9.55,9.5,9.55,469
2015-01-06,9.5,10.3,9.5,9.5,665
2015-01-07,9.75,10.3,9.5,9.5,391
2015-01-08,9.85,10.0,9.85,10.0,280
2015-01-09,9.4,9.4,9.2,9.2,42
2015-01-12,9.35,9.35,9.35,9.35,75
2015-01-13,10.0,10.0,10.0,10.0,56
2015-01-14,9.9,10.1,9.9,9.9,263
2015-01-15,9.8,10.0,9.8,9.8,65
2015-01-16,9.2,9.5,8.55,8.9,2371
2015-01-19,9.2,9.2,8.95,8.95,113
2015-01-20,9.5,9.85,9.1,9.75,359
2015-01-21,9.2,9.6,9.2,9.6,125
2015-01-22,9.8,9.85,9.1,9.4,698
2015-01-23,9.7,9.85,9.4,9.4,567
2015-01-27,9.8,9.8,9.2,9.25,259
2015-01-28,9.1,9.1,9.1,9.1,2
2015-01-29,9.85,9.85,9.85,9.85,30
2015-01-30,9.85,10.95,9.85,10.0,1273
2015-02-02,10.0,10.0,9.9,9.9,13
2015-02-03,9.8,9.8,9.6,9.8,515
2015-02-04,10.15,10.5,9.15,10.0,222
2015-02-05,10.1,10.1,9.15,9.25,410
2015-02-06,9.2,10.75,9.1,10.0,1613
2015-02-09,9.5,10.0,9.5,10.0,100
2015-02-10,10.0,10.5,10.0,10.2,223
2015-02-11,10.2,10.5,10.2,10.5,85
2015-02-12,10.5,10.55,10.4,10.4,220
2015-02-13,10.0,10.0,9.6,9.6,97
2015-02-16,10.4,10.7,9.8,9.8,100
2015-02-18,10.4,10.8,10.0,10.5,110
2015-02-19,9.7,10.8,9.7,10.8,1828
2015-02-23,10.4,10.9,10.4,10.4,10
2015-02-24,10.4,10.8,9.25,10.1,149
2015-02-26,10.4,10.7,10.4,10.7,13
2015-02-27,10.7,10.7,10.2,10.2,190
2015-02-28,10.2,10.2,10.2,10.2,56
2015-03-02,10.8,10.8,10.0,10.0,25
2015-03-05,11.05,11.05,9.5,10.7,233
2015-03-09,9.6,10.9,9.6,10.75,24
2015-03-10,10.8,10.95,9.5,10.2,214
2015-03-11,9.85,9.85,9.85,9.85,1
2015-03-12,10.7,10.7,9.85,10.1,183
2015-03-13,10.1,10.1,10.1,10.1,175
2015-03-16,10.6,10.6,10.1,10.1,84
2015-03-17,10.6,10.6,10.3,10.3,68
2015-03-18,10.3,10.35,9.4,9.85,249
2015-03-19,10.6,10.75,9.8,10.75,257
2015-03-20,9.6,10.5,9.1,10.4,493
2015-03-23,10.4,10.4,10.4,10.4,50
2015-03-25,9.2,10.55,9.2,9.8,23
2015-03-26,9.9,10.0,9.2,10.0,263
2015-03-27,10.0,10.5,9.4,10.0,221
2015-03-30,9.75,10.3,9.75,10.3,140
2015-04-07,10.3,10.4,10.3,10.4,20
2015-04-08,10.5,10.6,9.95,10.3,2493
2015-04-09,9.7,10.5,9.7,10.5,1106
2015-04-10,10.5,10.5,10.5,10.5,2
2015-04-13,10.55,10.55,9.5,9.6,2484
2015-04-15,9.6,10.55,9.6,9.95,213
2015-04-16,10.4,10.5,9.6,10.1,137
2015-04-17,10.2,10.35,10.2,10.35,10
2015-04-20,10.3,10.45,9.9,9.9,252
2015-04-21,9.9,10.3,9.9,10.3,22
2015-04-22,9.6,10.4,9.5,9.5,267
2015-04-23,9.95,9.95,9.95,9.95,2
2015-04-24,9.5,9.5,9.1,9.5,265
2015-04-27,9.5,9.5,9.4,9.4,283
2015-04-28,9.4,9.4,9.1,9.4,216
2015-04-29,9.2,9.3,9.1,9.3,627
2015-04-30,9.3,9.3,9.3,9.3,183
2015-05-04,9.3,10.1,9.3,10.05,6002
2015-05-05,10.0,10.1,9.8,9.8,286
2015-05-06,10.0,10.2,9.45,10.0,183
2015-05-07,9.8,9.8,9.8,9.8,10
2015-05-11,9.8,9.8,9.4,9.4,75
2015-05-12,9.4,10.0,9.4,9.45,278
2015-05-14,9.95,10.05,9.5,9.9,88
2015-05-15,9.7,9.7,9.7,9.7,70
2015-05-18,10.0,10.0,9.35,9.5,197
2015-05-19,10.0,10.1,9.35,9.6,372
2015-05-20,9.6,10.2,9.6,9.7,36
2015-05-21,9.75,10.1,9.75,9.8,255
2015-05-22,10.1,10.15,9.75,9.75,127
2015-05-25,9.8,9.8,9.8,9.8,140
2015-05-26,10.0,10.15,10.0,10.15,155
2015-05-27,10.1,10.1,9.8,10.1,118
2015-05-28,10.05,10.05,10.05,10.05,100
2015-06-01,9.8,10.0,9.8,10.0,182
2015-06-03,9.9,10.2,9.9,9.9,1082
2015-06-09,9.9,9.9,9.9,9.9,1
2015-06-10,9.4,9.95,9.1,9.95,50
2015-06-15,9.1,9.9,9.1,9.9,110
2015-06-16,9.5,9.65,9.2,9.65,179
2015-06-23,9.55,9.65,9.55,9.65,11
2015-06-24,9.65,9.7,9.55,9.55,4
2015-06-25,9.8,9.8,9.4,9.8,63
2015-06-26,9.8,9.8,9.8,9.8,62
2015-06-29,9.75,9.75,9.75,9.75,50
2015-06-30,9.85,9.85,9.85,9.85,5
2015-07-01,10.0,10.0,10.0,10.0,5
2015-07-02,10.1,10.1,10.1,10.1,5
2015-07-07,9.7,9.7,9.15,9.7,135
2015-07-08,9.15,10.55,9.15,9.4,5277
2015-07-09,9.9,10.55,9.9,10.4,54
2015-07-10,10.0,10.0,10.0,10.0,21
2015-07-15,9.7,10.5,9.7,10.0,12088
2015-07-17,10.0,10.5,10.0,10.5,17
2015-07-20,10.5,10.5,10.0,10.5,1830
2015-07-21,10.4,10.4,9.7,10.3,2030
2015-07-22,10.5,10.5,10.0,10.5,56
2015-07-23,10.5,10.5,9.8,10.5,1031
2015-07-24,10.4,10.4,9.8,9.95,88
2015-07-27,9.95,9.95,9.95,9.95,19
2015-07-28,9.95,9.95,9.8,9.8,2
2015-07-29,9.5,10.4,9.5,10.1,1215
2015-07-31,9.8,9.8,9.8,9.8,17
2015-08-03,9.8,9.8,9.8,9.8,6
2015-08-04,9.8,9.8,9.8,9.8,153
2015-08-06,9.8,9.8,9.15,9.5,1194
2015-08-07,9.7,9.9,9.45,9.9,285
2015-08-11,9.9,10.6,9.5,10.55,120
2015-08-12,9.6,10.4,9.6,10.4,200
2015-08-13,9.9,9.9,9.9,9.9,1
2015-08-14,9.4,9.45,9.4,9.45,8
2015-08-17,9.5,9.5,9.45,9.45,192
2015-08-18,9.5,10.3,9.5,9.5,116
2015-08-19,9.5,9.5,9.4,9.45,31
2015-08-20,10.2,10.3,9.45,10.2,81
2015-08-21,10.25,10.3,10.15,10.25,209
2015-08-24,9.7,10.3,9.7,10.3,551
2015-08-25,10.2,10.2,9.4,10.2,136
2015-09-02,9.7,9.7,9.7,9.7,10
2015-09-04,9.4,9.4,9.4,9.4,85
2015-09-08,9.25,9.4,6.55,8.1,2666
2015-09-09,8.15,8.85,8.15,8.8,218
2015-09-10,8.5,8.7,8.35,8.5,305
2015-09-11,8.55,9.3,8.55,9.0,505
2015-09-14,8.4,9.0,8.4,9.0,100
2015-09-15,9.0,9.0,9.0,9.0,40
2015-09-16,8.95,8.95,8.95,8.95,20
2015-09-18,8.95,8.95,8.95,8.95,60
2015-09-21,8.95,9.0,8.95,9.0,24
2015-09-22,9.2,9.2,8.35,8.7,112
2015-09-23,8.7,8.7,8.7,8.7,11
2015-09-24,8.4,8.5,8.3,8.5,12
2015-09-28,8.5,8.9,8.5,8.9,25
2015-09-29,9.7,9.7,9.0,9.1,41
2015-09-30,9.1,9.1,9.1,9.1,10
2015-10-01,9.1,9.1,8.3,8.5,690
2015-10-05,8.5,8.5,8.5,8.5,107
2015-10-06,8.35,9.0,8.3,8.9,191
2015-10-07,8.8,8.8,8.2,8.65,152
2015-10-09,9.0,9.0,9.0,9.0,10
2015-10-14,8.8,9.0,8.5,8.5,170
2015-10-15,9.1,9.1,8.25,8.3,641
2015-10-16,8.7,8.8,8.7,8.75,162
2015-10-19,8.75,8.75,8.3,8.65,1051
2015-10-20,8.65,8.65,8.65,8.65,67
2015-10-23,8.65,8.8,8.6,8.75,278
2015-10-26,8.65,8.65,8.65,8.65,10
2015-10-28,8.75,8.75,8.6,8.6,113
2015-10-29,8.7,9.5,8.2,8.6,307
2015-10-30,8.5,8.6,8.5,8.5,225
2015-11-02,8.2,8.5,8.05,8.15,23
2015-11-05,8.55,8.6,8.55,8.6,98
2015-11-06,8.55,8.55,8.55,8.55,14
2015-11-09,8.55,8.7,8.1,8.15,414
2015-11-10,8.6,8.6,8.15,8.55,86
2015-11-11,8.9,8.95,8.8,8.9,315
2015-11-13,8.9,8.9,8.0,8.75,1125
2015-11-16,8.1,8.8,8.1,8.7,139
2015-11-17,8.2,9.6,8.1,8.4,1296
2015-11-18,8.9,8.9,8.15,8.15,76
2015-11-19,8.65,9.7,8.2,8.9,105
2015-11-20,8.2,9.0,8.2,8.8,71
2015-11-23,8.3,8.7,8.3,8.7,465
2015-11-24,8.9,8.9,8.35,8.4,312
2015-11-26,8.25,8.9,8.25,8.8,229
2015-11-27,8.9,8.9,8.5,8.6,71
2015-11-30,8.8,8.8,8.75,8.75,84
2015-12-01,8.4,8.75,8.4,8.7,157
2015-12-02,8.85,8.85,8.85,8.85,90
2015-12-03,8.85,9.35,8.4,8.7,384
2015-12-04,9.35,9.35,8.5,9.35,216
2015-12-07,9.0,9.3,8.15,8.6,1406
2015-12-08,8.4,9.2,8.4,8.8,98
2015-12-09,8.7,8.7,8.4,8.5,172
2015-12-10,8.7,9.35,8.55,9.0,934
2015-12-11,9.0,9.5,8.7,8.7,449
2015-12-14,8.7,8.7,8.7,8.7,101
2015-12-15,8.7,9.3,8.15,9.15,964
2015-12-16,8.9,9.3,8.3,8.3,235
2015-12-17,8.8,9.1,8.55,8.55,374
2015-12-18,9.3,9.7,8.4,8.95,7776
2015-12-21,9.5,9.5,8.5,8.55,62
2015-12-22,9.5,9.5,8.7,9.2,120
2015-12-23,9.6,9.6,9.05,9.2,680
2015-12-24,9.45,9.5,9.0,9.15,485
2015-12-28,9.45,9.5,8.65,8.95,913
2015-12-29,8.9,9.5,8.8,9.5,227
2015-12-30,9.45,9.45,9.0,9.2,870
2015-12-31,9.2,9.2,9.05,9.15,214
2016-01-01,9.2,9.45,9.0,9.4,51
2016-01-04,9.7,9.7,8.75,8.95,1484
2016-01-05,9.0,9.1,9.0,9.05,962
2016-01-06,9.05,9.05,8.85,9.0,783
2016-01-07,9.1,9.1,8.8,8.8,313
2016-01-08,9.2,9.2,8.8,8.8,101
2016-01-11,8.8,8.8,8.55,8.6,309
2016-01-12,9.2,9.2,8.6,8.6,200
2016-01-13,8.7,8.7,8.5,8.6,370
2016-01-14,8.9,8.9,8.0,8.15,1318
2016-01-15,8.2,8.5,8.05,8.3,435
2016-01-18,8.3,8.3,8.1,8.15,160
2016-01-19,8.6,8.6,8.6,8.6,50
2016-01-20,8.6,8.6,8.5,8.5,32
2016-01-21,8.6,8.7,8.6,8.7,23
2016-01-25,8.9,9.0,8.9,9.0,463
2016-01-27,9.0,9.0,8.95,8.95,98
2016-01-29,8.9,9.3,8.9,9.05,987
2016-02-01,8.7,8.7,8.7,8.7,25
2016-02-02,9.2,9.2,8.8,8.8,22
2016-02-03,9.2,9.2,9.2,9.2,30
2016-02-04,9.2,9.2,9.2,9.2,31
2016-02-05,8.4,9.2,8.0,9.2,647
2016-02-08,8.4,8.9,8.15,8.6,483
2016-02-09,8.75,9.3,8.3,9.1,204
2016-02-10,9.1,9.1,8.35,8.9,238
2016-02-11,9.1,9.1,9.1,9.1,100
2016-02-17,8.9,8.9,8.9,8.9,476
2016-02-18,8.25,8.85,8.25,8.85,150
2016-02-19,8.9,8.9,8.9,8.9,253
2016-02-22,8.9,8.9,8.5,8.8,152
2016-02-23,8.5,8.85,8.2,8.2,142
2016-02-24,8.2,8.7,8.2,8.5,154
2016-02-26,8.75,8.8,8.75,8.8,227
2016-02-29,8.75,8.75,8.7,8.7,581
2016-03-01,8.8,8.8,8.25,8.8,47
2016-03-03,8.75,8.8,8.2,8.75,156
2016-03-04,8.7,8.9,8.1,8.25,104
2016-03-08,8.5,9.2,8.3,8.45,76
2016-03-09,8.5,8.5,8.5,8.5,2
2016-03-10,8.2,8.55,7.95,8.1,108
2016-03-11,8.7,8.7,8.2,8.3,137
2016-03-14,8.8,8.8,8.4,8.4,20
2016-03-15,8.4,9.05,8.25,9.05,36
2016-03-16,9.1,9.1,8.7,8.85,424
2016-03-17,9.0,9.0,8.45,9.0,567
2016-03-18,8.95,8.95,8.95,8.95,125
2016-03-21,9.0,9.0,8.55,9.0,27
2016-03-22,9.0,9.0,8.5,9.0,300
2016-03-23,8.6,9.0,8.3,9.0,634
2016-03-28,8.9,9.0,8.9,8.9,1550
2016-03-29,8.9,8.9,8.9,8.9,5
2016-03-30,9.0,9.0,8.5,8.95,468
2016-03-31,8.95,9.0,8.9,8.9,182
2016-04-05,8.9,9.0,8.9,9.0,200
2016-04-06,8.45,8.45,8.45,8.45,100
2016-04-07,8.9,8.9,8.8,8.9,49
2016-04-08,8.9,8.9,8.8,8.8,31
2016-04-11,8.8,8.9,8.8,8.9,12
2016-04-12,8.9,8.9,8.5,8.9,2071
2016-04-13,8.6,9.0,8.6,9.0,305
2016-04-18,9.0,9.35,8.5,9.1,1553
2016-04-20,8.7,9.1,8.6,9.1,414
2016-04-21,9.1,9.2,8.85,8.85,347
2016-04-22,9.05,9.15,8.9,8.9,300
2016-04-25,8.8,9.15,8.7,9.15,197
2016-04-26,8.75,9.15,8.7,9.0,234
2016-04-27,8.75,9.15,8.75,8.85,336
2016-04-28,9.1,9.1,9.0,9.0,121
2016-04-29,9.0,9.0,9.0,9.0,35
2016-05-02,9.0,9.0,9.0,9.0,11
2016-05-03,8.35,9.15,8.1,9.1,452
2016-05-04,8.6,9.15,8.6,9.15,51
2016-05-05,9.15,9.3,8.8,9.15,869
2016-05-06,9.15,9.15,9.15,9.15,24
2016-05-09,9.3,9.3,8.65,8.65,162
2016-05-10,9.0,9.3,8.7,8.7,353
2016-05-11,9.0,9.85,9.0,9.85,4282
2016-05-12,9.8,9.8,8.6,9.35,1598
2016-05-13,9.65,9.65,8.9,9.5,15
2016-05-16,9.0,9.6,8.95,9.35,2766
2016-05-17,9.3,9.3,9.0,9.0,71
2016-05-18,9.35,9.35,9.05,9.25,59
2016-05-19,9.5,9.5,9.45,9.45,14
2016-05-20,9.45,9.5,9.3,9.3,17
2016-05-23,9.2,9.35,8.75,8.85,530
2016-05-24,9.2,9.2,9.0,9.0,47
2016-05-25,9.25,9.3,8.75,8.75,148
2016-05-26,9.2,9.2,9.0,9.0,59
2016-05-27,9.2,9.2,8.6,9.0,72
2016-05-30,9.1,9.1,9.1,9.1,35
2016-05-31,9.1,9.1,9.1,9.1,4
2016-06-01,9.1,9.3,8.7,9.25,369
2016-06-02,9.3,9.3,8.75,8.8,173
2016-06-03,9.2,9.2,9.0,9.0,55
2016-06-06,9.0,9.2,9.0,9.0,137
2016-06-07,9.25,9.25,8.75,9.1,479
2016-06-08,9.0,9.15,8.75,8.8,268
2016-06-09,9.0,9.1,8.75,8.75,28
2016-06-10,9.0,9.0,8.9,9.0,75
2016-06-13,9.0,9.0,8.8,8.95,77
2016-06-14,9.0,9.2,8.85,9.1,379
2016-06-15,9.2,9.2,9.2,9.2,16
2016-06-16,9.2,9.2,9.2,9.2,31
2016-06-17,9.2,9.2,8.8,8.8,95
2016-06-20,9.2,9.2,8.7,9.0,459
2016-06-21,9.1,9.1,8.7,8.75,94
2016-06-22,9.0,9.0,9.0,9.0,10
2016-06-23,9.0,9.0,9.0,9.0,54
2016-06-24,8.7,9.3,8.7,9.3,1316
2016-06-27,9.3,9.3,8.8,9.3,220
2016-06-28,9.35,9.65,8.85,9.3,1010
2016-06-29,9.3,9.3,8.85,9.0,531
2016-06-30,9.15,9.15,9.0,9.1,6
2016-07-01,9.1,9.4,8.85,9.25,826
2016-07-04,9.2,9.2,8.95,9.0,146
2016-07-05,9.2,9.2,8.85,8.85,308
2016-07-07,8.9,9.1,8.9,9.1,227
2016-07-08,9.0,9.0,8.8,8.8,253
2016-07-11,9.0,9.0,8.7,8.95,385
2016-07-12,8.7,9.0,8.7,8.75,268
2016-07-13,9.0,9.0,8.75,9.0,224
2016-07-14,9.05,9.05,8.75,8.9,315
2016-07-15,9.0,9.0,8.9,8.9,37
2016-07-18,8.9,8.95,8.9,8.95,45
2016-07-19,8.9,8.95,8.8,8.85,44
2016-07-20,8.9,8.95,8.75,8.75,65
2016-07-21,9.0,9.0,8.9,8.9,166
2016-07-22,8.95,9.0,8.85,9.0,358
2016-07-25,9.0,9.0,8.75,9.0,21
2016-07-26,9.0,9.0,8.85,8.85,202
2016-07-27,9.0,9.0,9.0,9.0,66
2016-07-28,9.0,9.0,9.0,9.0,18
2016-07-29,9.0,9.0,9.0,9.0,34
2016-08-01,8.95,9.1,8.55,8.75,767
2016-08-02,9.1,9.2,9.1,9.15,405
2016-08-03,9.15,9.15,8.85,9.1,498
2016-08-04,9.15,9.15,9.1,9.1,44
2016-08-05,9.1,9.1,9.05,9.05,9
2016-08-08,9.05,9.15,8.85,9.1,82
2016-08-09,9.3,9.3,9.15,9.2,132
2016-08-10,9.2,9.2,8.85,9.1,146
2016-08-11,9.1,9.1,8.8,8.8,236
2016-08-12,9.1,9.1,8.85,8.9,193
2016-08-16,9.15,9.15,9.1,9.1,115
2016-08-17,9.1,9.1,9.1,9.1,35
2016-08-18,9.1,10.9,9.05,9.1,2206
2016-08-19,9.2,9.2,9.0,9.0,124
2016-08-22,9.4,9.4,9.0,9.05,262
2016-08-23,9.15,9.15,8.65,8.8,2325
2016-08-24,9.1,10.4,9.1,9.15,1916
2016-08-25,9.1,9.3,8.95,9.0,230
2016-08-26,9.2,9.2,8.9,9.1,425
2016-08-29,9.2,9.2,8.85,8.9,189
2016-08-30,9.4,9.4,8.9,9.1,314
2016-08-31,9.3,9.8,9.0,9.25,305
2016-09-01,9.25,9.7,9.05,9.3,543
2016-09-02,9.5,9.6,9.1,9.15,131
2016-09-06,9.45,9.45,9.15,9.3,105
2016-09-07,9.3,9.4,9.1,9.2,625
2016-09-08,9.35,9.35,9.15,9.15,30
2016-09-09,9.3,9.35,9.3,9.3,65
2016-09-12,9.3,9.3,8.9,8.9,68
2016-09-14,8.9,9.25,8.85,8.85,111
2016-09-15,9.2,9.2,9.2,9.2,126
2016-09-16,9.2,9.35,9.2,9.25,59
2016-09-19,9.35,9.35,9.25,9.25,355
2016-09-20,9.3,9.3,9.2,9.2,14
2016-09-21,9.35,9.35,9.3,9.3,102
2016-09-22,9.3,9.3,9.3,9.3,53
2016-09-23,9.1,9.2,9.05,9.1,121
2016-09-26,9.05,9.25,9.05,9.25,151
2016-09-27,9.0,9.05,8.9,9.05,341
2016-09-28,9.0,9.0,9.0,9.0,50
2016-09-29,9.2,9.2,9.0,9.0,91
2016-09-30,9.2,9.35,9.2,9.35,166
2016-10-03,9.4,9.4,9.0,9.4,546
2016-10-04,9.35,9.35,9.05,9.05,100
2016-10-05,9.1,9.35,9.1,9.35,23
2016-10-06,9.3,9.35,9.15,9.35,361
2016-10-10,9.35,9.4,9.35,9.4,859
2016-10-13,9.45,9.45,9.0,9.0,381
2016-10-14,9.4,9.4,9.05,9.05,15
2016-10-17,9.3,9.3,9.3,9.3,75
2016-10-18,9.3,9.35,9.05,9.05,320
2016-10-19,9.1,9.1,9.1,9.1,15
2016-10-20,9.3,9.4,9.05,9.05,261
2016-10-21,9.4,9.4,9.2,9.2,80
2016-10-24,9.2,9.3,9.05,9.1,402
2016-10-25,9.3,9.3,9.3,9.3,22
2016-10-26,9.05,9.05,9.05,9.05,2
2016-10-27,9.05,9.3,9.05,9.3,35
2016-11-01,9.15,9.35,9.15,9.3,199
2016-11-03,9.25,9.3,9.05,9.2,124
2016-11-04,9.05,9.3,8.65,8.65,1652
2016-11-07,9.2,9.2,9.15,9.2,81
2016-11-08,9.2,9.2,9.2,9.2,8
2016-11-09,9.2,10.65,8.8,9.2,4395
2016-11-10,9.2,10.0,9.2,9.9,497
2016-11-11,9.8,10.6,9.6,9.6,466
2016-11-15,10.0,10.65,9.5,10.0,607
2016-11-16,10.5,10.5,10.5,10.5,10
2016-11-17,9.5,9.5,9.5,9.5,100
2016-11-21,9.5,9.5,9.5,9.5,1
2016-11-24,10.15,10.15,9.55,9.55,129
2016-11-28,9.5,9.5,9.5,9.5,874
2016-11-29,9.05,9.05,9.05,9.05,200
2016-12-01,10.1,10.1,9.15,9.15,412
2016-12-02,9.2,9.2,9.2,9.2,1
2016-12-05,9.2,9.5,9.2,9.5,150
2016-12-06,9.25,9.25,9.0,9.1,334
2016-12-07,9.5,9.5,9.5,9.5,65
2016-12-08,9.5,9.5,9.3,9.5,241
2016-12-09,9.5,10.0,9.5,9.95,475
2016-12-12,10.3,10.45,9.95,9.95,116
2016-12-14,10.15,10.2,10.15,10.15,110
2016-12-16,10.15,10.2,10.15,10.15,50
2016-12-19,10.1,10.1,10.1,10.1,49
2016-12-21,10.1,10.1,9.05,9.25,267
2016-12-22,10.1,10.1,9.4,9.4,72
2016-12-26,10.0,10.0,10.0,10.0,21
2016-12-27,10.15,10.15,9.2,9.7,28
2016-12-29,10.1,10.1,9.3,9.4,914
2016-12-30,9.4,9.4,9.4,9.4,269
2017-01-02,9.95,9.95,9.5,9.55,281
2017-01-03,9.6,9.6,9.6,9.6,15
2017-01-05,9.95,9.95,9.9,9.9,121
2017-01-09,9.9,9.95,9.2,9.2,1726
2017-01-10,9.6,9.6,9.5,9.5,57
2017-01-11,9.5,9.5,9.25,9.25,2006
2017-01-12,9.6,9.6,9.15,9.3,212
2017-01-13,9.35,9.35,9.2,9.2,110
2017-01-17,9.35,9.35,9.35,9.35,55
2017-01-19,9.5,9.5,9.5,9.5,23
2017-01-20,9.45,9.45,9.1,9.1,156
2017-01-23,9.45,9.45,9.45,9.45,51
2017-01-24,9.45,9.45,9.1,9.4,22
2017-01-25,9.1,9.3,9.0,9.05,488
2017-01-27,9.4,9.45,9.4,9.45,2
2017-01-30,9.4,9.4,9.0,9.4,34
2017-01-31,9.0,9.3,9.0,9.0,290
2017-02-01,9.35,9.35,9.35,9.35,116
2017-02-02,9.35,9.35,9.0,9.25,1052
2017-02-03,9.05,9.25,9.05,9.25,30
2017-02-06,9.25,9.25,9.05,9.05,532
2017-02-07,9.3,9.65,9.25,9.3,701
2017-02-08,9.3,9.3,9.3,9.3,167
2017-02-09,9.7,9.7,9.15,9.3,172
2017-02-10,9.5,9.6,9.25,9.25,761
2017-02-13,9.5,9.5,9.1,9.1,77
2017-02-16,9.4,9.4,9.15,9.15,21
2017-02-17,9.4,9.4,9.4,9.4,66
2017-02-20,9.6,9.6,9.45,9.45,1300
2017-02-21,9.4,9.5,9.4,9.5,56
2017-02-22,9.4,9.4,9.25,9.25,84
2017-02-23,9.7,9.7,9.25,9.45,413
2017-02-27,9.45,9.5,9.45,9.5,50
2017-02-28,9.45,9.45,9.25,9.45,54
2017-03-01,9.45,9.45,9.45,9.45,219
2017-03-02,9.45,9.45,9.45,9.45,265
2017-03-03,9.15,9.15,9.15,9.15,1
2017-03-06,9.7,9.7,9.2,9.2,650
2017-03-08,9.2,9.2,9.2,9.2,100
2017-03-09,9.55,9.55,9.5,9.55,53
2017-03-10,9.4,9.55,9.2,9.5,110
2017-03-14,9.6,10.45,9.4,9.4,740
2017-03-15,9.45,9.5,9.4,9.4,210
2017-03-16,9.4,9.95,9.4,9.9,606
2017-03-17,9.9,9.9,9.4,9.65,654
2017-03-20,9.6,9.6,9.6,9.6,180
2017-03-21,9.6,9.6,9.6,9.6,54
2017-03-22,9.6,9.9,9.6,9.9,10
2017-03-23,9.85,9.85,9.6,9.6,146
2017-03-24,9.9,9.9,9.4,9.4,208
2017-03-27,9.4,9.4,9.3,9.4,46
2017-03-29,9.8,9.8,9.35,9.35,297
2017-03-30,9.8,9.8,9.35,9.7,40
2017-03-31,9.7,10.35,9.7,10.1,1201
2017-04-03,9.65,10.4,9.6,9.9,255
2017-04-05,10.4,10.4,10.4,10.4,31
2017-04-06,10.4,10.4,10.4,10.4,101
2017-04-07,10.4,10.7,10.4,10.65,352
2017-04-10,10.55,11.0,10.4,11.0,303
2017-04-11,10.9,10.9,10.9,10.9,10
2017-04-12,10.9,10.9,10.9,10.9,12
2017-04-13,10.9,11.0,10.7,10.95,243
2017-04-17,10.95,10.95,10.8,10.8,145
2017-04-18,10.9,11.0,9.8,10.4,490
2017-04-19,10.4,10.4,10.4,10.4,108
2017-04-20,11.2,11.2,10.0,10.85,70
2017-04-21,11.1,11.1,10.5,10.5,167
2017-04-24,10.9,10.9,10.5,10.9,14
2017-04-25,11.5,11.5,10.55,11.15,340
2017-04-26,10.95,10.95,10.7,10.7,121
2017-04-27,10.7,10.8,10.1,10.8,354
2017-04-28,10.8,10.8,10.8,10.8,22
2017-05-02,10.8,10.9,10.7,10.7,507
2017-05-04,10.7,10.9,10.5,10.5,1143
2017-05-05,10.9,11.05,8.75,9.5,13125
2017-05-08,10.0,10.0,9.45,9.55,2882
2017-05-09,9.55,9.65,9.5,9.5,781
2017-05-10,9.5,9.85,9.5,9.6,451
2017-05-11,9.9,9.9,9.55,9.6,1207
2017-05-12,9.7,9.7,9.5,9.55,471
2017-05-16,9.6,9.85,9.55,9.6,244
2017-05-17,10.0,10.1,9.8,9.8,662
2017-05-18,10.0,10.0,9.55,9.7,78
2017-05-19,9.95,9.95,9.95,9.95,150
2017-05-22,9.7,10.05,9.7,9.9,103
2017-05-23,10.1,10.1,9.95,9.95,1010
2017-05-25,10.0,10.1,9.95,10.0,230
2017-05-26,9.7,10.05,9.7,10.0,364
2017-05-29,10.0,10.2,9.75,9.8,149
2017-05-31,10.05,10.15,10.05,10.05,42
2017-06-01,10.05,10.2,9.8,10.1,137
2017-06-02,9.7,9.75,9.7,9.75,172
2017-06-05,10.4,10.9,10.0,10.15,958
2017-06-06,10.15,10.15,10.0,10.0,197
2017-06-08,10.3,10.3,10.1,10.3,80
2017-06-09,10.3,10.8,10.3,10.4,142
2017-06-12,10.4,10.8,9.9,10.3,455
2017-06-13,10.05,10.7,10.05,10.65,132
2017-06-14,10.1,10.1,10.1,10.1,3
2017-06-15,10.6,10.8,10.15,10.3,41
2017-06-19,10.6,10.8,10.1,10.4,130
2017-06-20,10.4,10.8,10.15,10.4,227
2017-06-21,10.4,10.7,10.4,10.6,60
2017-06-22,10.55,10.7,10.35,10.65,250
2017-06-23,10.25,10.5,10.2,10.5,56
2017-06-27,10.9,10.9,10.1,10.3,105
2017-06-28,10.0,10.0,10.0,10.0,2
2017-06-29,10.5,10.9,10.2,10.7,358
2017-06-30,9.65,11.0,9.65,10.25,1551
2017-07-03,10.6,10.9,10.35,10.6,195
2017-07-04,10.6,10.7,10.25,10.4,330
2017-07-05,10.7,10.7,10.7,10.7,27
2017-07-06,10.3,10.7,10.3,10.7,35
2017-07-07,10.25,10.3,10.25,10.3,27
2017-07-10,9.5,11.05,9.5,10.25,969
2017-07-11,10.6,10.75,10.3,10.3,172
2017-07-12,10.6,10.65,10.3,10.3,117
2017-07-13,10.3,10.7,10.3,10.4,140
2017-07-14,10.3,10.3,10.3,10.3,50
2017-07-17,10.2,10.25,10.2,10.25,104
2017-07-18,10.2,10.2,10.2,10.2,59
2017-07-19,10.4,10.4,10.4,10.4,59
2017-07-20,10.7,10.85,10.2,10.25,933
2017-07-21,10.0,10.4,10.0,10.3,319
2017-07-24,10.25,10.5,10.25,10.3,98
2017-07-25,10.3,10.3,10.25,10.3,465
2017-07-26,10.55,10.55,10.3,10.3,36
2017-07-27,10.3,10.65,10.25,10.25,256
2017-07-28,10.2,10.6,10.2,10.2,160
2017-07-31,10.7,10.7,10.5,10.6,22
2017-08-01,10.5,10.6,10.2,10.2,295
2017-08-02,10.25,10.25,10.25,10.25,63
2017-08-03,10.55,10.55,10.5,10.5,163
2017-08-04,10.5,10.5,10.4,10.5,50
2017-08-07,10.5,10.6,10.35,10.6,130
2017-08-08,10.65,10.65,10.5,10.5,89
2017-08-09,10.6,10.6,10.6,10.6,148
2017-08-10,10.6,10.6,10.4,10.5,257
2017-08-11,10.6,10.6,10.2,10.2,28
2017-08-14,10.6,10.65,10.1,10.6,147
2017-08-16,10.6,10.65,10.6,10.65,50
2017-08-17,10.6,10.6,10.55,10.55,450
2017-08-18,10.3,10.65,10.3,10.65,78
2017-08-21,10.65,10.65,10.3,10.65,107
2017-08-22,10.65,10.65,10.3,10.6,203
2017-08-23,10.65,10.65,10.2,10.2,11
2017-08-24,10.65,10.65,10.2,10.4,255
2017-08-28,10.3,10.4,10.3,10.4,19
2017-08-29,10.4,10.4,10.1,10.4,509
2017-08-30,10.3,10.4,10.3,10.4,202
2017-08-31,10.4,10.4,10.35,10.4,67
2017-09-01,10.4,10.4,10.4,10.4,379
2017-09-04,10.4,10.4,10.35,10.35,50
2017-09-05,10.4,10.4,10.35,10.4,406
2017-09-06,10.4,10.4,10.4,10.4,50
2017-09-07,10.4,10.45,10.4,10.45,244
2017-09-11,10.7,10.7,10.7,10.7,66
2017-09-12,10.7,10.7,10.7,10.7,32
2017-09-13,10.65,10.65,10.4,10.45,64
2017-09-14,10.4,10.65,10.4,10.6,47
2017-09-15,10.5,10.5,10.4,10.4,130
2017-09-18,10.4,10.4,10.4,10.4,3
2017-09-19,10.4,10.4,10.4,10.4,11
2017-09-20,10.7,10.7,10.4,10.4,93
2017-09-21,10.7,10.7,10.65,10.65,56
2017-09-22,10.85,11.0,10.4,10.7,30
2017-09-25,10.75,11.05,10.4,10.4,63
2017-09-26,10.75,10.75,10.4,10.4,19
2017-09-27,10.75,11.0,10.4,10.4,385
2017-09-28,10.4,10.65,10.35,10.45,39
2017-09-29,10.75,10.9,10.35,10.65,19
2017-10-03,10.7,10.7,10.35,10.7,123
2017-10-04,10.7,10.7,10.7,10.7,210
2017-10-05,10.65,10.7,10.4,10.45,223
2017-10-06,10.4,10.65,10.4,10.55,810
2017-10-09,10.7,10.7,10.5,10.7,89
2017-10-10,10.7,10.7,10.65,10.65,28
2017-10-11,10.7,10.7,10.5,10.7,15
2017-10-12,10.7,10.7,10.4,10.7,209
2017-10-16,10.7,10.7,10.7,10.7,14
2017-10-17,10.65,10.65,10.65,10.65,10
2017-10-19,10.7,10.7,10.6,10.7,54
2017-10-23,10.7,10.7,10.7,10.7,91
2017-10-24,10.7,10.7,10.7,10.7,5
2017-10-25,10.7,10.7,10.7,10.7,244
2017-10-26,10.7,10.8,10.3,10.6,597
2017-10-27,10.6,10.6,10.2,10.2,12
2017-10-30,10.7,10.7,10.3,10.7,16
2017-10-31,10.4,10.8,10.15,10.6,78
2017-11-01,10.75,10.8,10.7,10.7,272
2017-11-02,10.7,10.8,10.4,10.7,170
2017-11-03,10.45,10.45,10.45,10.45,244
2017-11-06,10.6,10.75,10.6,10.65,91
2017-11-07,10.75,10.75,10.7,10.7,215
2017-11-08,10.75,10.8,10.7,10.8,98
2017-11-09,10.8,10.8,10.8,10.8,111
2017-11-10,10.8,10.8,10.6,10.8,65
2017-11-13,10.8,10.8,10.05,10.55,2389
2017-11-14,10.65,10.7,10.55,10.7,108
2017-11-15,10.2,10.75,10.0,10.7,445
2017-11-16,10.75,10.75,10.3,10.4,42
2017-11-17,10.45,10.65,10.45,10.65,1110
2017-11-20,10.8,10.8,10.5,10.5,42
2017-11-21,10.8,10.8,10.6,10.6,190
2017-11-22,10.65,10.7,10.5,10.5,177
2017-11-23,10.8,10.8,10.5,10.65,95
2017-11-24,10.8,10.8,10.8,10.8,28
2017-11-27,10.7,10.7,10.5,10.5,19
2017-11-28,10.8,10.8,10.55,10.8,337
2017-11-29,10.8,10.8,10.8,10.8,30
2017-11-30,10.8,10.8,10.55,10.55,94
2017-12-01,10.8,10.8,10.55,10.55,428
2017-12-04,10.55,10.55,10.55,10.55,105
2017-12-05,10.55,10.8,10.4,10.4,264
2017-12-06,10.8,10.8,10.2,10.2,54
2017-12-07,10.7,10.7,10.55,10.65,37
2017-12-08,10.5,10.7,10.3,10.7,27
2017-12-11,10.7,10.9,10.7,10.8,146
2017-12-12,10.8,10.8,10.7,10.7,47
2017-12-13,10.7,10.7,10.4,10.4,217
2017-12-14,10.8,10.9,10.4,10.8,889
2017-12-15,10.85,11.0,10.85,10.9,116
2017-12-18,10.5,10.85,10.5,10.55,119
2017-12-19,10.85,10.9,10.65,10.85,27
2017-12-20,10.45,10.85,10.45,10.6,79
2017-12-21,10.4,10.9,10.4,10.85,76
2017-12-22,10.9,10.9,10.6,10.9,204
2017-12-26,10.9,10.9,10.6,10.65,276
2017-12-27,10.65,10.7,10.6,10.7,77
2017-12-28,10.9,10.9,10.45,10.9,48
2017-12-29,10.9,10.9,10.4,10.85,106
2018-01-01,10.9,11.0,10.6,11.0,245
2018-01-02,10.6,12.3,10.45,10.8,1198
2018-01-03,10.7,10.95,10.55,10.55,350
2018-01-04,11.2,11.2,10.6,10.7,116
2018-01-05,11.05,11.05,10.6,10.6,275
2018-01-08,10.7,11.0,10.65,10.8,181
2018-01-09,10.8,11.0,10.8,11.0,161
2018-01-10,11.3,11.5,10.9,11.3,671
2018-01-11,11.2,11.2,11.0,11.0,56
2018-01-12,11.0,11.2,10.8,10.95,310
2018-01-15,11.0,11.1,10.6,11.0,246
2018-01-16,11.0,11.2,11.0,11.2,156
2018-01-17,11.0,11.0,10.65,10.7,220
2018-01-18,11.0,11.0,10.65,10.65,110
2018-01-19,10.7,10.95,10.7,10.95,184
2018-01-22,10.65,11.0,10.6,10.8,605
2018-01-23,11.0,11.0,10.7,10.95,557
2018-01-24,10.95,11.0,10.95,11.0,78
2018-01-25,11.0,11.0,10.8,10.9,1052
2018-01-29,10.8,10.95,10.8,10.95,447
2018-01-30,10.95,10.95,10.8,10.95,83
2018-01-31,10.95,10.95,10.95,10.95,968
2018-02-01,11.5,11.5,11.0,11.4,294
2018-02-02,11.4,11.4,10.8,10.9,139
2018-02-05,11.2,11.4,11.2,11.4,1765
2018-02-06,10.8,11.4,10.15,10.45,2485
2018-02-07,10.9,11.25,10.7,11.25,164
2018-02-08,11.25,11.5,10.75,10.85,368
2018-02-09,10.7,11.15,10.7,10.9,192
2018-02-12,11.5,11.5,11.15,11.2,238
2018-02-14,11.2,11.2,11.2,11.2,25
2018-02-15,11.45,11.45,11.45,11.45,16
2018-02-16,11.4,11.5,11.35,11.5,114
2018-02-19,11.4,11.4,10.7,11.3,38
2018-02-20,11.35,11.35,11.35,11.35,16
2018-02-21,11.3,11.3,11.1,11.1,10
2018-02-22,11.1,11.35,11.1,11.25,44
2018-02-23,11.3,11.3,10.8,10.8,38
2018-02-26,11.35,11.35,10.9,11.3,28
2018-02-27,11.3,11.3,10.7,10.75,8
2018-02-28,11.2,11.25,11.2,11.2,156
2018-03-01,11.3,11.3,11.3,11.3,135
2018-03-05,11.3,11.3,10.75,11.1,362
2018-03-06,11.2,11.2,11.2,11.2,9
2018-03-08,11.2,11.2,11.1,11.1,66
2018-03-09,11.2,11.35,10.6,10.8,66
2018-03-12,11.5,11.5,10.85,11.3,93
2018-03-13,11.3,11.3,11.3,11.3,7
2018-03-15,11.3,11.3,10.6,11.3,28
2018-03-16,11.3,11.3,11.3,11.3,1
2018-03-19,11.25,11.5,11.25,11.4,56
2018-03-20,11.4,11.4,10.8,10.8,112
2018-03-21,10.8,10.8,10.35,10.5,651
2018-03-22,11.2,11.4,10.5,10.55,134
2018-03-23,11.25,11.25,10.7,10.85,461
2018-03-26,11.2,11.2,10.6,11.0,117
2018-03-27,10.6,10.8,10.6,10.8,170
2018-03-28,10.8,10.8,10.8,10.8,25
2018-04-02,10.8,11.25,10.4,10.4,1557
2018-04-03,10.6,10.95,10.5,10.55,26
2018-04-04,11.05,11.05,10.6,10.9,3
2018-04-05,10.9,11.05,10.7,10.8,122
2018-04-06,11.2,11.2,11.2,11.2,7
2018-04-09,11.3,11.35,10.7,11.0,217
2018-04-10,11.4,11.4,10.75,11.2,56
2018-04-11,10.8,11.2,10.8,11.15,7
2018-04-12,10.75,11.4,10.75,11.25,226
2018-04-13,11.45,11.5,10.6,10.8,1141
2018-04-16,11.4,11.5,10.3,10.6,3687
2018-04-17,10.7,10.7,10.5,10.6,2198
2018-04-18,10.65,10.65,10.4,10.55,4141
2018-04-19,10.65,10.65,10.5,10.5,3188
2018-04-20,10.5,10.65,10.45,10.55,1648
2018-04-23,10.5,10.65,10.5,10.5,289
2018-04-24,10.5,10.95,10.5,10.55,158
2018-04-25,10.8,10.8,10.5,10.5,262
2018-04-26,10.6,10.6,10.6,10.6,275
2018-04-27,10.6,10.6,10.55,10.6,184
2018-04-30,10.9,10.9,10.6,10.6,246
2018-05-02,10.6,10.9,10.6,10.6,311
2018-05-03,10.6,10.65,10.5,10.65,94
2018-05-04,10.65,10.65,10.65,10.65,3
2018-05-07,10.65,10.75,10.65,10.65,569
2018-05-08,10.65,10.65,10.65,10.65,45
2018-05-09,10.65,11.2,10.65,11.0,17753
2018-05-10,11.2,11.5,11.0,11.05,937
2018-05-11,11.0,11.0,11.0,11.0,20
2018-05-14,11.0,11.1,10.95,11.1,109
2018-05-15,11.15,11.15,11.15,11.15,84
2018-05-16,10.75,10.75,10.65,10.7,79
2018-05-17,11.1,11.1,11.0,11.05,55
2018-05-18,11.0,11.0,10.9,10.9,3
2018-05-21,10.9,10.9,10.8,10.8,22
2018-05-22,11.35,11.8,10.9,11.55,520
2018-05-23,11.5,11.55,11.0,11.5,23
2018-05-24,11.5,11.7,10.45,10.8,562
2018-05-25,11.5,11.5,11.0,11.0,66
2018-05-28,11.0,11.3,11.0,11.0,25
2018-05-29,11.0,11.8,10.9,10.9,296
2018-05-30,11.2,11.2,10.8,10.85,33
2018-05-31,10.85,11.2,10.7,11.1,42
2018-06-01,11.2,11.2,10.7,10.9,1044
2018-06-04,11.2,11.2,11.05,11.05,30
2018-06-05,11.1,11.2,10.9,11.2,609
2018-06-06,11.15,11.2,11.15,11.2,10
2018-06-07,11.15,11.15,11.0,11.15,28
2018-06-08,11.0,11.05,10.75,11.0,1573
2018-06-11,10.8,11.1,10.8,11.1,21
2018-06-12,11.2,11.2,10.8,11.1,167
2018-06-13,11.45,11.45,11.0,11.0,156
2018-06-14,11.4,11.4,11.0,11.0,64
2018-06-15,11.05,11.05,10.9,10.9,385
2018-06-18,11.3,11.3,10.9,11.2,69
2018-06-19,11.2,11.2,10.95,10.95,223
2018-06-20,11.05,11.3,10.95,11.15,281
2018-06-21,11.0,11.0,11.0,11.0,2
2018-06-22,11.0,11.05,10.7,10.95,659
2018-06-25,11.15,11.15,11.1,11.1,39
2018-06-26,11.05,11.05,10.9,10.9,11
2018-06-27,10.95,10.95,10.75,10.85,341
2018-06-28,10.8,10.8,10.8,10.8,15
2018-06-29,10.8,10.8,10.75,10.75,310
2018-07-02,11.1,11.2,10.75,10.75,326
2018-07-03,10.8,11.2,10.8,11.2,24
2018-07-04,11.2,11.2,10.8,10.8,40
2018-07-05,11.1,11.1,11.1,11.1,71
2018-07-06,10.8,11.1,10.8,11.1,15
2018-07-09,11.2,11.3,10.85,10.85,243
2018-07-10,11.3,11.3,10.9,10.9,21
2018-07-11,11.05,11.05,11.05,11.05,13
2018-07-12,11.3,11.3,11.05,11.3,98
2018-07-13,11.3,11.3,11.3,11.3,58
2018-07-16,11.3,11.3,11.1,11.1,103
2018-07-17,11.1,11.1,10.8,10.8,24
2018-07-18,11.3,11.3,11.0,11.2,154
2018-07-20,11.3,11.3,11.05,11.1,44
2018-07-23,11.1,11.3,11.1,11.2,234
2018-07-24,11.2,11.2,11.2,11.2,388
2018-07-25,11.2,11.2,11.2,11.2,309
2018-07-26,11.2,11.2,11.2,11.2,200
2018-07-27,11.2,11.2,11.2,11.2,56
2018-07-30,11.2,11.5,11.15,11.35,362
2018-07-31,11.15,11.4,11.15,11.4,56
2018-08-01,11.4,12.25,11.35,11.45,1580
2018-08-02,11.7,11.7,11.2,11.3,783
2018-08-03,11.4,12.05,11.4,11.7,255
2018-08-06,11.5,11.7,11.3,11.45,953
2018-08-07,11.45,11.45,11.35,11.4,356
2018-08-08,11.4,11.6,11.4,11.45,116
2018-08-09,11.5,11.9,11.4,11.4,657
2018-08-10,11.5,11.5,11.45,11.45,346
2018-08-13,11.65,11.65,11.2,11.25,991
2018-08-14,11.6,11.6,11.35,11.35,980
2018-08-16,11.55,11.55,11.4,11.4,72
2018-08-17,11.7,11.7,11.4,11.4,117
2018-08-20,11.7,11.7,11.1,11.35,181
2018-08-21,11.7,11.7,11.35,11.6,169
2018-08-23,11.6,11.6,11.4,11.45,97
2018-08-24,11.6,11.6,11.45,11.45,217
2018-08-27,11.65,11.65,11.4,11.4,211
2018-08-28,11.2,11.7,11.2,11.4,260
2018-08-29,11.7,11.7,11.4,11.4,279
2018-08-30,11.4,11.65,11.3,11.4,1079
2018-08-31,11.6,11.6,11.25,11.25,304
2018-09-03,11.5,11.5,11.35,11.35,288
2018-09-04,11.5,11.5,11.3,11.45,152
2018-09-05,11.3,11.6,11.3,11.5,142
2018-09-06,11.45,11.65,11.4,11.6,122
2018-09-07,11.25,11.5,11.15,11.5,388
2018-09-10,11.7,11.7,11.3,11.6,257
2018-09-11,11.6,11.6,11.3,11.4,92
2018-09-12,11.4,11.7,11.05,11.7,158
2018-09-14,11.7,11.7,11.2,11.6,55
2018-09-17,11.6,11.6,11.5,11.5,156
2018-09-18,11.5,11.5,11.5,11.5,17
2018-09-19,11.05,11.6,11.05,11.25,58
2018-09-21,11.3,12.3,11.2,11.7,704
2018-09-24,11.55,11.65,11.35,11.55,697
2018-09-25,11.6,11.6,11.55,11.6,30
2018-09-26,11.6,11.6,11.6,11.6,103
2018-09-27,11.6,11.7,11.45,11.45,127
2018-09-28,11.45,11.45,11.3,11.3,174
2018-10-01,11.9,12.3,11.5,11.7,768
2018-10-03,11.7,11.7,11.7,11.7,971
2018-10-04,11.9,11.9,10.8,11.0,250
2018-10-05,11.5,11.6,10.8,11.25,139
2018-10-08,11.4,11.65,11.05,11.05,1140
2018-10-09,11.4,11.4,11.4,11.4,6
2018-10-10,11.4,11.4,11.2,11.25,901
2018-10-11,11.2,11.2,10.55,11.2,307
2018-10-12,11.5,11.5,11.1,11.4,637
2018-10-15,11.4,11.5,11.1,11.5,106
2018-10-16,10.9,11.55,10.7,11.45,1022
2018-10-17,11.5,11.55,11.2,11.5,31
2018-10-19,10.9,11.4,10.65,10.9,58
2018-10-22,11.55,11.55,10.8,10.9,374
2018-10-23,10.9,11.35,10.7,11.35,10
2018-10-24,11.35,11.35,10.7,11.35,23
2018-10-25,11.35,11.35,11.35,11.35,57
2018-10-26,11.35,11.35,10.5,10.6,64
2018-10-29,11.3,11.4,11.3,11.35,116
2018-10-30,11.4,11.4,11.0,11.0,83
2018-10-31,10.9,11.3,10.7,11.25,126
2018-11-01,11.3,11.5,11.3,11.5,174
2018-11-02,11.5,11.5,11.3,11.5,29
2018-11-05,12.5,12.5,10.75,11.65,325
2018-11-06,11.8,11.85,11.6,11.7,23
2018-11-07,11.7,11.7,11.7,11.7,6
2018-11-09,11.85,11.85,11.85,11.85,47
2018-11-12,11.7,12.05,11.05,11.1,864
2018-11-13,11.15,11.65,11.15,11.15,59
2018-11-14,11.75,11.75,11.05,11.05,12
2018-11-15,11.0,11.85,10.9,11.2,86
2018-11-16,11.8,11.8,11.0,11.4,48
2018-11-19,11.8,11.85,11.4,11.45,55
2018-11-20,11.5,11.85,11.1,11.5,410
2018-11-21,11.0,11.9,11.0,11.9,43
2018-11-22,10.5,12.1,10.5,11.25,216
2018-11-26,11.3,11.8,11.3,11.3,62
2018-11-27,11.3,11.6,10.9,11.1,123
2018-11-28,11.4,11.55,11.2,11.5,45
2018-11-29,11.4,11.8,11.1,11.1,25
2018-11-30,11.9,11.9,11.15,11.6,126
2018-12-03,11.6,11.8,11.3,11.75,176
2018-12-04,11.8,11.8,11.45,11.7,642
2018-12-05,11.7,11.85,11.65,11.65,83
2018-12-06,11.65,11.8,11.35,11.8,90
2018-12-07,11.1,11.8,11.1,11.6,128
2018-12-10,11.75,11.75,11.05,11.7,264
2018-12-11,11.6,11.7,11.2,11.7,446
2018-12-12,11.7,11.7,11.7,11.7,47
2018-12-13,11.7,11.7,11.7,11.7,10
2018-12-14,11.65,11.9,11.65,11.8,146
2018-12-17,11.8,11.8,11.5,11.6,150
2018-12-18,11.3,11.7,11.3,11.7,12
2018-12-19,11.4,11.4,11.4,11.4,1
2018-12-20,11.7,11.7,11.7,11.7,2
2018-12-21,11.25,11.25,11.25,11.25,1
2018-12-24,11.25,11.7,11.25,11.5,256
2018-12-26,11.7,11.7,11.7,11.7,20
2018-12-27,11.7,11.8,11.25,11.3,1949
2018-12-28,11.5,11.65,11.35,11.35,53
2018-12-31,11.3,11.7,11.3,11.6,91
2019-01-01,11.6,11.6,11.55,11.55,112
2019-01-03,11.55,11.55,11.45,11.55,192
2019-01-04,11.65,11.65,11.45,11.45,246
2019-01-07,11.8,11.8,11.5,11.5,733
2019-01-08,11.5,11.7,11.5,11.7,3
2019-01-09,11.7,11.7,11.4,11.4,609
2019-01-10,11.4,11.7,11.4,11.7,668
2019-01-11,11.2,11.7,10.85,11.3,358
2019-01-14,11.3,11.65,11.3,11.5,604
2019-01-15,11.6,11.6,11.5,11.6,49
2019-01-16,11.6,11.6,11.6,11.6,5
2019-01-17,11.5,11.6,11.3,11.6,107
2019-01-18,11.6,11.6,11.3,11.3,36
2019-01-21,11.35,11.6,11.35,11.6,68
2019-01-22,11.6,11.6,11.4,11.4,105
2019-01-23,11.4,11.4,11.3,11.3,142
2019-01-24,11.6,11.6,11.4,11.4,166
2019-01-25,11.4,11.6,11.4,11.4,93
2019-01-28,11.6,11.6,11.45,11.45,200
2019-01-29,11.6,11.6,11.2,11.2,28
2019-01-30,11.55,11.55,11.2,11.2,10
2019-01-31,11.6,11.75,11.5,11.65,119
2019-02-01,11.4,11.65,11.15,11.25,1116
2019-02-04,11.6,11.6,11.4,11.6,131
2019-02-05,11.7,11.7,11.65,11.65,14
2019-02-06,11.45,11.6,11.45,11.6,188
2019-02-07,11.6,11.6,11.2,11.4,1397
2019-02-08,11.35,11.4,11.3,11.3,1317
2019-02-11,11.55,11.55,11.4,11.4,14
2019-02-12,11.55,11.55,11.2,11.25,247
2019-02-13,11.55,11.55,11.25,11.25,76
2019-02-15,11.5,11.5,11.25,11.5,56
2019-02-18,11.5,11.5,11.2,11.5,24
2019-02-19,11.4,11.45,11.25,11.25,384
2019-02-25,11.3,11.5,11.2,11.25,137
2019-02-26,11.25,11.25,11.1,11.2,440
2019-02-27,11.2,11.5,11.2,11.5,1487
2019-02-28,11.45,11.5,11.4,11.45,225
2019-03-01,11.45,11.45,11.45,11.45,122
2019-03-05,11.35,11.5,11.35,11.5,156
2019-03-06,11.3,11.5,11.3,11.3,110
2019-03-07,11.5,11.5,11.5,11.5,64
2019-03-08,11.5,11.6,11.25,11.6,1035
2019-03-11,11.5,11.5,11.5,11.5,54
2019-03-12,11.7,11.7,11.35,11.4,130
2019-03-13,11.35,11.6,11.35,11.6,14
2019-03-14,11.6,11.9,11.5,11.85,30
2019-03-15,11.8,11.8,11.45,11.45,411
2019-03-18,11.75,11.75,11.5,11.55,305
2019-03-19,11.7,11.8,11.55,11.6,1644
2019-03-20,12.0,12.2,11.65,11.75,185
2019-03-22,12.0,12.0,11.5,11.55,39
2019-03-25,12.0,12.05,11.4,11.5,76
2019-03-26,11.5,11.5,11.5,11.5,2
2019-03-27,12.0,12.1,11.55,11.85,91
2019-03-28,12.1,12.1,11.8,11.8,170
2019-03-29,11.6,12.1,11.55,11.6,176
2019-04-01,11.55,11.75,11.55,11.75,1551
2019-04-02,11.75,12.15,11.75,11.9,203
2019-04-03,11.85,11.85,11.85,11.85,3
2019-04-04,11.8,12.0,11.7,12.0,175
2019-04-05,12.1,12.1,11.65,11.8,28
2019-04-08,11.9,11.9,11.6,11.8,109
2019-04-09,11.8,12.1,11.75,11.8,230
2019-04-10,12.1,12.1,11.9,12.1,27
2019-04-11,12.15,12.15,11.8,12.1,35
2019-04-12,12.15,12.7,12.1,12.55,13779
2019-04-15,13.0,13.0,12.3,12.6,231
2019-04-16,13.0,13.0,12.65,12.65,552
2019-04-18,12.8,12.8,12.65,12.7,682
2019-04-22,13.0,13.0,12.5,12.55,127
2019-04-23,13.0,13.0,12.55,12.55,105
2019-04-24,13.0,13.0,12.45,12.55,123
2019-04-25,12.8,12.8,12.5,12.75,152
2019-04-26,12.7,12.7,12.55,12.7,42
2019-04-30,12.7,12.7,12.5,12.65,13294
2019-05-02,12.7,12.7,12.25,12.6,403
2019-05-03,12.7,12.85,12.5,12.85,394
2019-05-06,12.85,13.0,12.55,12.55,318
2019-05-07,12.8,12.8,12.45,12.5,798
2019-05-08,12.45,12.45,12.2,12.3,2558
2019-05-09,12.2,12.2,12.2,12.2,100
2019-05-10,12.6,12.6,12.15,12.15,114
2019-05-13,12.75,12.75,11.95,12.05,179
2019-05-14,12.0,12.15,11.95,12.15,204
2019-05-15,12.35,12.35,12.0,12.05,366
2019-05-16,12.4,12.4,12.1,12.1,989
2019-05-17,12.5,12.5,12.15,12.35,872
2019-05-20,12.85,12.85,12.6,12.75,2326
2019-05-21,12.95,12.95,12.7,12.7,72
2019-05-22,12.85,12.85,12.6,12.7,625
2019-05-23,13.05,13.05,12.6,12.6,674
2019-05-24,13.05,13.05,12.65,12.7,424
2019-05-27,13.4,13.4,12.8,12.85,385
2019-05-28,13.5,13.5,12.8,12.85,293
2019-05-29,13.0,13.0,12.8,12.8,1328
2019-05-30,13.5,13.5,12.8,12.85,347
2019-05-31,13.5,13.5,12.5,12.9,351
2019-06-03,13.7,13.7,12.95,13.05,823
2019-06-04,13.7,13.7,13.0,13.0,591
2019-06-06,13.0,13.0,12.8,12.8,97
2019-06-07,13.05,13.35,12.55,12.85,262
2019-06-10,13.6,13.6,12.85,12.85,73
2019-06-11,13.6,13.6,12.8,12.9,142
2019-06-12,13.05,13.45,12.7,12.9,305
2019-06-13,12.85,12.9,12.8,12.9,54
2019-06-14,13.6,13.6,12.8,12.85,76
2019-06-17,12.85,13.6,12.65,12.65,699
2019-06-18,13.2,13.2,12.65,12.7,646
2019-06-19,13.2,13.2,12.6,12.6,204
2019-06-20,12.65,12.75,12.65,12.75,114
2019-06-21,13.0,13.0,12.7,12.7,21
2019-06-24,12.95,12.95,12.6,12.7,70
2019-06-25,12.95,12.95,12.7,12.75,228
2019-06-26,12.95,12.95,12.75,12.75,538
2019-06-27,12.95,12.95,12.9,12.9,7
2019-06-28,13.0,13.5,12.85,13.2,5754
2019-07-01,13.0,13.4,12.8,13.4,168
2019-07-02,13.05,13.6,12.9,13.35,561
2019-07-03,13.4,14.0,13.0,13.4,479
2019-07-04,13.9,13.9,12.95,13.1,462
2019-07-05,13.95,13.95,12.95,13.4,207
2019-07-08,13.95,13.95,12.7,12.9,1153
2019-07-09,13.35,13.55,12.5,12.5,852
2019-07-10,13.0,13.0,12.45,12.45,516
2019-07-11,12.9,12.9,12.45,12.65,220
2019-07-12,12.9,12.9,12.5,12.65,472
2019-07-15,13.0,13.0,12.5,12.65,383
2019-07-16,12.55,12.7,12.55,12.7,93
2019-07-17,12.75,12.8,12.6,12.8,78
2019-07-18,12.6,12.65,12.6,12.6,1276
2019-07-19,12.55,12.55,12.5,12.5,39
2019-07-22,12.8,12.8,12.4,12.4,64
2019-07-23,12.65,12.65,12.25,12.4,308
2019-07-24,12.35,12.35,12.3,12.3,39
2019-07-25,12.65,13.0,12.3,12.3,280
2019-07-26,12.2,12.6,12.2,12.35,75
2019-07-29,12.4,12.65,12.1,12.1,562
2019-07-30,12.8,12.8,12.0,12.0,337
2019-07-31,12.25,12.25,11.95,12.05,12
2019-08-01,12.05,12.05,11.85,11.9,415
2019-08-02,12.1,12.15,11.85,11.95,306
2019-08-05,11.8,11.85,11.75,11.85,174
2019-08-06,11.95,11.95,11.9,11.95,83
2019-08-07,11.9,11.95,11.8,11.8,266
2019-08-09,12.1,13.7,11.65,12.05,41248
2019-08-13,12.1,12.1,11.9,11.9,434
2019-08-14,11.95,12.0,11.95,11.95,191
2019-08-16,11.9,11.95,11.85,11.9,55
2019-08-19,12.05,12.15,12.05,12.1,282
2019-08-21,12.0,12.0,11.85,11.85,33
2019-08-22,11.85,11.85,11.7,11.7,140
2019-08-23,11.2,12.45,11.2,11.8,1160
2019-08-26,12.0,12.0,11.75,11.75,287
2019-08-27,12.0,12.1,12.0,12.1,25
2019-08-28,12.0,12.05,12.0,12.0,109
2019-08-29,12.0,12.0,11.95,11.95,19
2019-08-30,12.0,12.0,11.8,11.8,10
2019-09-03,11.85,11.9,11.75,11.75,215
2019-09-04,11.8,11.8,11.75,11.75,255
2019-09-05,11.85,11.85,11.75,11.75,70
2019-09-06,11.75,11.85,11.75,11.85,107
2019-09-09,11.9,11.95,11.9,11.95,408
2019-09-11,12.05,12.15,12.0,12.0,198
2019-09-12,12.05,12.1,11.95,12.0,23
2019-09-13,12.15,12.15,11.95,11.95,41
2019-09-16,12.0,12.0,11.95,11.95,133
2019-09-17,11.95,11.95,11.8,11.8,509
2019-09-18,11.8,11.8,11.75,11.8,45
2019-09-19,11.75,11.75,11.6,11.6,514
2019-09-20,11.7,12.25,11.7,11.8,473
2019-09-23,12.15,12.65,12.15,12.6,870
2019-09-24,12.5,12.65,12.05,12.6,375
2019-09-25,12.55,12.55,12.4,12.4,171
2019-09-26,12.45,12.6,12.45,12.6,212
2019-09-27,12.55,12.55,12.5,12.5,3
2019-09-30,12.5,12.5,12.4,12.5,590
2019-10-01,12.5,12.5,12.3,12.3,163
2019-10-03,12.35,12.35,12.35,12.35,7
2019-10-04,12.55,12.9,12.1,12.15,132
2019-10-07,12.2,12.2,12.15,12.15,69
2019-10-09,12.15,12.35,12.1,12.35,384
2019-10-10,12.5,12.5,12.25,12.25,17
2019-10-11,12.5,12.6,12.3,12.3,1202
2019-10-14,12.35,12.4,12.3,12.35,130
2019-10-15,12.4,12.45,12.4,12.4,106
2019-10-16,12.45,12.5,12.45,12.45,34
2019-10-17,12.5,12.5,12.5,12.5,131
2019-10-18,12.6,12.75,12.6,12.7,457
2019-10-22,12.7,12.75,12.65,12.65,335
2019-10-23,12.7,12.7,12.65,12.65,511
2019-10-24,12.65,12.7,12.6,12.6,123
2019-10-25,12.65,12.65,12.65,12.65,15
2019-10-29,13.0,13.0,12.65,12.8,528
2019-10-30,12.9,12.95,12.85,12.9,1438
2019-10-31,12.9,13.0,12.9,13.0,594
2019-11-01,13.0,13.0,12.9,13.0,116
2019-11-04,13.35,13.35,13.0,13.0,242
2019-11-05,13.05,13.05,12.95,12.95,82
2019-11-06,12.9,13.1,12.9,13.05,238
2019-11-07,13.1,13.1,13.05,13.05,45
2019-11-08,13.05,13.05,12.95,12.95,1166
2019-11-11,13.0,13.0,12.9,12.9,385
2019-11-13,12.65,13.0,12.65,12.95,126
2019-11-14,12.85,12.95,12.65,12.95,46
2019-11-15,13.05,13.05,13.0,13.0,130
2019-11-18,12.95,13.0,12.95,13.0,146
2019-11-19,13.0,13.0,13.0,13.0,110
2019-11-20,13.1,13.1,13.05,13.05,300
2019-11-21,13.05,13.05,13.05,13.05,20
2019-11-22,13.05,13.05,13.0,13.0,23
2019-11-25,13.0,13.15,13.0,13.15,306
2019-11-26,13.1,13.15,13.05,13.05,197
2019-11-27,13.2,13.2,13.2,13.2,99
2019-11-28,13.25,13.25,13.15,13.2,247
2019-11-29,13.2,13.2,13.1,13.2,67
2019-12-02,13.2,13.2,13.1,13.15,269
2019-12-03,13.1,13.15,13.0,13.1,212
2019-12-04,13.0,13.1,13.0,13.0,319
2019-12-05,13.1,13.15,13.1,13.15,46
2019-12-06,13.15,13.15,13.0,13.0,432
2019-12-09,13.0,13.0,12.95,13.0,326
2019-12-10,13.15,13.25,12.95,12.95,124
2019-12-11,13.0,13.0,12.9,12.9,18
2019-12-12,12.9,13.1,12.9,13.1,2052
2019-12-13,13.1,13.15,13.1,13.15,1049
2019-12-16,13.15,13.2,13.15,13.15,47
2019-12-17,13.25,13.3,13.25,13.3,25
2019-12-18,13.3,13.3,13.25,13.3,113
2019-12-19,13.3,13.3,13.3,13.3,101
2019-12-20,13.35,13.35,13.35,13.35,5
2019-12-23,13.5,13.5,13.35,13.35,71
2019-12-24,13.4,13.4,13.4,13.4,6
2019-12-26,13.5,13.5,13.2,13.2,440
2019-12-27,13.25,13.3,13.25,13.3,3
2019-12-30,13.35,13.4,13.35,13.4,75
2019-12-31,13.25,13.35,13.25,13.3,911
2020-01-01,13.5,13.5,13.3,13.3,201
2020-01-02,13.35,13.35,13.35,13.35,1338
2020-01-03,13.3,13.35,13.3,13.35,7
2020-01-06,13.25,13.25,13.05,13.05,198
2020-01-07,13.25,13.25,13.15,13.15,282
2020-01-08,13.05,13.1,13.05,13.1,529
2020-01-09,13.3,13.35,13.3,13.3,2
2020-01-10,13.35,13.35,13.35,13.35,220
2020-01-13,13.45,13.45,13.4,13.4,46
2020-01-14,13.3,13.5,13.15,13.5,355
2020-01-15,13.45,13.45,13.35,13.35,1771
2020-01-16,13.5,13.5,13.4,13.4,37
2020-01-17,13.5,13.5,13.5,13.5,40
2020-01-20,13.45,13.45,13.35,13.35,318
2020-01-21,13.3,13.3,13.25,13.3,47
2020-01-22,13.3,13.3,13.2,13.2,44
2020-01-23,13.1,13.3,13.1,13.3,20
2020-01-24,13.3,13.4,13.3,13.3,127
2020-01-27,13.3,13.3,13.25,13.25,29
2020-01-28,13.3,13.3,13.1,13.1,85
2020-01-30,13.1,13.2,13.1,13.15,70
2020-01-31,13.15,13.15,13.05,13.1,108
2020-02-03,12.8,12.8,12.7,12.7,3169
2020-02-04,12.95,13.05,12.95,13.0,109
2020-02-05,13.1,13.2,13.1,13.15,103
2020-02-06,13.15,13.25,13.15,13.25,22
2020-02-07,13.25,13.25,13.15,13.15,76
2020-02-10,13.1,13.1,13.1,13.1,9
2020-02-11,13.25,13.3,13.25,13.25,51
2020-02-12,13.3,13.3,13.3,13.3,2
2020-02-13,13.3,13.3,13.2,13.2,44
2020-02-17,13.2,13.2,13.1,13.1,269
2020-02-18,13.05,13.05,13.0,13.05,171
2020-02-20,13.2,13.2,13.2,13.2,92
2020-02-24,13.65,13.65,12.85,12.95,312
2020-02-25,13.0,13.0,12.8,12.9,106
2020-02-26,12.8,12.85,12.7,12.75,277
2020-02-27,12.65,12.7,12.65,12.7,151
2020-02-28,12.4,12.4,12.2,12.25,3505
2020-03-02,12.45,12.5,12.0,12.15,342
2020-03-03,12.35,12.35,12.25,12.35,514
2020-03-04,12.5,12.8,12.15,12.3,354
2020-03-05,12.35,12.35,12.3,12.3,100
2020-03-06,12.25,12.3,12.0,12.05,944
2020-03-09,12.0,12.0,11.1,11.25,1392
2020-03-11,11.2,11.9,11.2,11.3,132
2020-03-12,11.15,11.65,10.4,10.45,2116
2020-03-13,9.4,12.1,9.4,10.1,1894
2020-03-16,10.1,11.2,10.1,10.25,535
2020-03-17,9.85,11.1,9.85,10.4,486
2020-03-18,10.65,11.2,9.9,9.9,885
2020-03-19,9.9,10.7,9.2,9.6,540
2020-03-20,9.95,10.1,9.9,10.1,947
2020-03-23,10.2,10.25,8.55,10.1,26556
2020-03-24,10.5,10.9,8.7,10.5,783
2020-03-25,9.5,10.0,9.5,9.8,510
2020-03-26,9.8,9.9,9.7,9.75,391
2020-03-27,9.65,10.9,9.65,10.2,2546
2020-03-30,10.0,10.2,9.6,9.9,436
2020-03-31,10.05,10.25,9.75,10.2,301
2020-04-01,10.2,10.25,10.2,10.2,1842
2020-04-03,10.35,10.7,9.75,10.05,337
2020-04-07,10.8,10.8,9.3,10.55,436
2020-04-08,10.6,10.6,10.1,10.25,238
2020-04-09,10.85,10.85,9.6,10.2,177
2020-04-13,10.5,10.5,9.8,10.15,274
2020-04-15,10.5,10.7,9.9,10.0,910
2020-04-16,11.0,11.0,9.95,10.45,213
2020-04-17,10.0,11.4,10.0,10.45,661
2020-04-20,10.4,11.4,10.4,11.0,901
2020-04-21,11.0,11.15,11.0,11.0,1033
2020-04-22,10.65,10.85,10.65,10.85,65
2020-04-23,10.85,11.5,10.8,11.05,161
2020-04-24,11.1,11.75,11.0,11.0,337
2020-04-27,11.7,11.8,10.3,11.5,1161
2020-04-28,11.5,11.7,10.8,11.2,405
2020-04-29,11.6,11.6,11.2,11.4,173
2020-04-30,11.4,11.85,10.9,11.2,1035
2020-05-04,11.5,11.9,11.0,11.45,1199
2020-05-05,11.1,11.45,11.1,11.45,4
2020-05-06,10.9,11.4,10.65,11.1,724
2020-05-07,11.4,11.45,11.0,11.0,760
2020-05-08,11.8,11.8,10.8,11.0,56
2020-05-11,10.1,11.2,10.1,10.7,384
2020-05-12,10.7,10.7,10.5,10.7,94
2020-05-13,10.7,11.4,10.7,10.95,592
2020-05-14,10.95,10.95,10.95,10.95,58
2020-05-15,10.25,11.35,10.25,11.05,116
2020-05-18,10.2,11.35,10.2,11.05,292
2020-05-19,11.1,11.4,10.8,11.4,327
2020-05-20,10.4,11.4,10.3,11.0,621
2020-05-21,11.0,11.35,10.4,11.25,280
2020-05-22,10.25,11.4,10.25,11.4,179
2020-05-26,11.4,11.4,10.35,11.3,218
2020-05-27,11.4,11.4,10.8,10.9,759
2020-05-28,11.3,11.3,10.9,10.95,440
2020-05-29,11.3,11.3,10.7,11.1,274
2020-06-01,11.1,12.2,11.1,11.5,2032
2020-06-02,10.95,11.55,10.45,11.1,1692
2020-06-03,11.1,11.4,11.0,11.1,212
2020-06-04,11.0,11.1,10.55,10.95,177
2020-06-05,11.0,11.45,10.85,10.9,659
2020-06-08,10.9,11.5,10.9,11.1,432
2020-06-09,11.1,11.2,10.7,11.05,89
2020-06-10,11.15,11.2,11.15,11.15,238
2020-06-11,11.1,11.4,11.0,11.3,26
2020-06-12,10.85,11.0,10.65,10.7,1797
2020-06-15,11.45,11.45,10.7,11.0,388
2020-06-16,11.5,11.5,10.9,10.9,318
2020-06-17,10.75,11.2,10.75,11.2,112
2020-06-18,10.85,11.15,10.25,10.55,2747
2020-06-19,11.15,11.15,10.75,11.05,518
2020-06-22,11.0,11.2,11.0,11.05,282
2020-06-23,11.5,11.5,10.45,11.3,584
2020-06-24,10.65,11.4,10.65,11.25,462
2020-06-25,11.0,11.45,10.7,11.2,536
2020-06-26,11.4,11.4,11.15,11.25,367
2020-06-29,11.0,11.4,11.0,11.15,355
2020-06-30,11.0,11.2,11.0,11.2,361
2020-07-01,11.25,11.25,11.15,11.2,1314
2020-07-02,11.3,11.45,11.25,11.35,124
2020-07-03,11.3,11.45,11.3,11.4,239
2020-07-06,11.4,11.9,11.4,11.75,1423
2020-07-07,11.75,11.9,11.6,11.85,973
2020-07-08,11.9,11.9,11.45,11.55,650
2020-07-09,11.55,11.9,11.55,11.85,75
2020-07-10,11.8,11.9,11.6,11.7,217
2020-07-13,11.7,12.0,11.6,11.9,76
2020-07-14,11.85,11.85,11.45,11.75,815
2020-07-15,11.85,11.85,11.55,11.55,197
2020-07-16,11.55,11.8,11.5,11.5,822
2020-07-17,11.8,11.8,11.55,11.7,140
2020-07-20,11.7,11.9,11.7,11.85,200
2020-07-21,11.2,12.15,11.2,12.1,1041
2020-07-22,12.3,12.3,12.0,12.3,1101
2020-07-23,12.1,12.1,11.95,12.0,544
2020-07-24,12.3,12.35,12.1,12.1,97
2020-07-27,12.1,12.15,12.1,12.1,153
2020-07-28,12.0,12.3,12.0,12.25,650
2020-07-29,12.0,12.25,12.0,12.05,1131
2020-07-30,12.3,12.3,11.8,12.2,1653
2020-07-31,12.05,12.3,11.85,12.2,1545
2020-08-03,11.65,12.25,11.65,11.7,4120
2020-08-04,12.1,12.1,11.7,11.8,1860
2020-08-05,12.05,12.3,12.0,12.2,420
2020-08-06,12.0,12.2,11.95,12.1,132
2020-08-07,12.1,12.3,12.0,12.05,32602
2020-08-10,12.4,12.4,12.05,12.1,374
2020-08-11,12.3,12.3,12.05,12.05,37
2020-08-12,12.4,12.4,12.0,12.35,10595
2020-08-13,12.2,12.4,12.15,12.35,70
2020-08-14,12.35,12.45,12.35,12.35,4110
2020-08-17,12.35,12.45,12.15,12.35,138
2020-08-18,12.35,12.35,12.1,12.35,344
2020-08-19,12.25,12.55,12.25,12.5,13973
2020-08-20,12.45,12.45,12.15,12.15,651
2020-08-21,12.45,12.5,12.15,12.3,451
2020-08-24,12.3,12.5,12.15,12.2,981
2020-08-25,12.2,12.6,12.15,12.6,789
2020-08-26,12.6,12.6,12.55,12.6,422
2020-08-27,12.6,12.6,12.55,12.55,9
2020-08-28,12.6,12.6,12.35,12.6,340
2020-08-31,12.6,12.6,12.35,12.35,133
2020-09-01,12.6,12.7,12.25,12.35,156
2020-09-02,12.75,13.4,12.45,12.6,3196
2020-09-03,12.6,13.0,12.4,12.4,161
2020-09-04,12.65,12.9,12.3,12.7,230
2020-09-07,12.75,12.75,12.4,12.65,130
2020-09-08,12.45,12.65,12.35,12.35,1737
2020-09-09,12.25,12.55,12.25,12.5,877
2020-09-10,12.55,12.75,12.35,12.6,48
2020-09-11,12.4,12.6,12.3,12.6,1157
2020-09-14,12.65,12.75,12.65,12.65,13
2020-09-15,12.45,12.7,12.35,12.7,75
2020-09-16,12.6,12.7,12.6,12.6,1081
2020-09-17,12.75,12.75,12.65,12.7,75
2020-09-18,12.75,12.75,12.65,12.65,183
2020-09-21,12.7,12.7,12.35,12.4,254
2020-09-22,12.25,12.35,12.15,12.25,186888
2020-09-23,12.3,12.3,12.25,12.25,57
2020-09-24,12.1,12.1,11.9,11.95,55262
2020-09-25,11.9,12.2,11.85,12.1,595
2020-09-28,12.3,12.6,12.2,12.3,116
2020-09-29,12.4,12.4,12.35,12.35,36
2020-09-30,12.35,12.35,12.35,12.35,38
2020-10-01,12.35,12.55,12.35,12.45,105
2020-10-05,12.25,12.65,12.25,12.6,61
2020-10-06,12.25,12.65,12.25,12.6,9
2020-10-07,12.45,12.9,12.2,12.85,2440
2020-10-08,13.0,13.05,12.5,12.95,872
2020-10-09,13.05,13.1,13.0,13.05,91
2020-10-12,12.6,13.2,12.6,13.0,637
2020-10-13,13.2,13.2,12.65,12.9,86
2020-10-14,12.6,13.15,12.6,13.1,342
2020-10-15,13.6,13.8,12.7,12.85,655
2020-10-16,12.6,13.0,12.6,12.85,75
2020-10-19,12.85,13.1,12.85,12.95,842
2020-10-20,13.05,13.35,12.85,13.0,59
2020-10-21,13.05,13.25,13.0,13.05,558
2020-10-22,13.25,13.3,12.9,13.0,162
2020-10-23,13.05,13.15,13.0,13.0,136
2020-10-26,13.15,13.15,12.95,13.0,250
2020-10-27,13.0,13.1,13.0,13.1,5
2020-10-28,13.15,13.25,12.75,12.95,148
2020-10-29,12.75,12.9,12.75,12.8,147
2020-10-30,12.75,12.8,12.7,12.8,84
2020-11-02,13.05,13.15,12.7,12.8,395
2020-11-03,13.05,13.1,12.85,12.9,92
2020-11-04,12.75,13.15,12.75,13.05,265
2020-11-05,13.15,13.4,12.8,13.35,234
2020-11-06,13.45,13.55,13.35,13.4,47040
2020-11-09,13.55,13.7,13.45,13.6,30095
2020-11-10,13.45,13.85,13.4,13.85,6634
2020-11-11,13.6,14.05,13.5,13.95,3096
2020-11-12,14.0,14.0,13.85,13.9,117
2020-11-13,14.0,14.0,13.95,13.95,271
2020-11-17,14.05,14.15,14.05,14.1,13021
2020-11-18,14.4,14.4,14.1,14.2,155
2020-11-19,14.25,14.25,14.1,14.1,475
2020-11-20,14.0,14.15,14.0,14.1,150
2020-11-23,13.95,14.25,13.8,14.15,834
2020-11-24,14.3,14.4,14.25,14.4,142
2020-11-25,14.35,14.45,14.15,14.2,1278
2020-11-26,14.15,14.15,13.9,14.05,623
2020-11-27,14.3,14.45,14.25,14.3,243
2020-12-01,14.3,14.45,14.3,14.45,199
2020-12-02,14.5,14.5,14.4,14.4,28
2020-12-03,14.2,14.5,14.2,14.4,770
2020-12-04,14.45,14.6,14.45,14.6,240
2020-12-07,14.55,14.7,14.55,14.6,701
2020-12-08,14.75,14.8,14.65,14.7,196
2020-12-09,14.8,14.9,14.75,14.9,143
2020-12-10,14.9,14.9,14.65,14.85,490
2020-12-11,14.8,14.9,14.8,14.8,181
2020-12-14,14.9,14.95,14.7,14.8,450
2020-12-15,14.8,14.95,14.75,14.9,125
2020-12-16,14.8,15.0,14.8,15.0,334
2020-12-17,15.0,15.3,15.0,15.25,964
2020-12-18,15.3,15.3,14.85,15.15,943
2020-12-21,15.3,15.3,14.65,14.75,1482
2020-12-22,14.7,14.8,14.5,14.7,14117
2020-12-23,15.15,15.15,14.8,15.0,85
2020-12-24,15.0,15.3,14.7,14.85,1506
2020-12-28,15.3,15.3,14.85,15.2,952
2020-12-29,15.3,15.4,15.2,15.25,1918
2020-12-30,15.3,15.4,15.2,15.3,481
2020-12-31,15.6,15.6,15.05,15.4,304
2021-01-01,15.65,15.65,15.3,15.45,354
2021-01-04,15.8,15.8,15.3,15.5,181
2021-01-05,15.3,15.8,15.3,15.65,13038
2021-01-06,15.85,15.85,15.3,15.65,94
2021-01-07,15.7,15.7,15.5,15.55,7988
2021-01-08,15.45,15.9,15.3,15.8,432
2021-01-11,15.9,15.9,15.8,15.9,59
2021-01-12,15.65,16.05,15.65,16.05,156
2021-01-13,16.35,16.35,15.95,16.0,483
2021-01-14,16.2,16.2,15.9,16.1,585
2021-01-15,16.1,16.2,15.8,15.8,171
2021-01-18,16.15,16.2,15.65,16.1,3170666
2021-01-19,16.25,16.25,15.75,15.95,8052
2021-01-20,16.0,16.1,16.0,16.1,190
2021-01-21,16.45,16.45,15.95,16.0,328
2021-01-22,16.1,16.1,15.7,15.8,648
2021-01-25,16.25,16.25,15.65,15.7,3392
2021-01-27,15.95,15.95,15.35,15.4,457
2021-01-28,15.7,15.7,15.15,15.25,806
2021-01-29,15.1,17.4,14.9,15.9,56249
2021-02-01,15.85,16.0,15.05,15.8,4537
2021-02-02,16.25,16.25,15.6,16.15,436
2021-02-03,15.65,16.35,15.65,16.25,529
2021-02-04,16.45,16.45,16.2,16.35,404
2021-02-05,16.6,16.9,16.35,16.35,497
2021-02-08,16.6,16.65,16.2,16.6,433
2021-02-09,16.8,16.8,16.6,16.6,182
2021-02-10,17.0,17.0,16.45,16.5,593
2021-02-11,16.85,16.85,16.55,16.6,1619
2021-02-12,16.95,16.95,16.6,16.65,368
2021-02-15,16.55,16.95,16.55,16.85,329
2021-02-16,16.85,17.0,16.8,16.8,170
2021-02-17,17.0,17.0,16.7,16.7,7377
2021-02-18,16.7,16.75,16.6,16.6,117
2021-02-19,17.0,17.0,16.4,16.5,414
2021-02-22,16.5,16.5,16.1,16.15,526
2021-02-23,16.55,16.55,16.15,16.2,367
2021-02-24,15.85,16.45,15.85,16.45,218
2021-02-25,16.55,16.7,16.55,16.65,337
2021-02-26,16.7,16.7,15.95,16.05,8337
2021-03-01,16.45,16.45,16.1,16.3,170
2021-03-02,16.05,16.4,16.05,16.35,45
2021-03-03,16.5,16.8,16.5,16.75,967
2021-03-04,16.9,16.9,16.4,16.6,1098
2021-03-05,16.9,16.9,16.4,16.5,404
2021-03-08,16.55,16.65,16.4,16.5,409
2021-03-09,16.7,16.7,16.4,16.55,505
2021-03-10,16.9,16.9,16.6,16.65,1024
2021-03-12,17.0,17.0,16.5,16.55,518
2021-03-15,17.0,17.0,16.25,16.3,317
2021-03-16,16.25,16.65,16.25,16.45,228
2021-03-17,16.9,16.9,16.2,16.25,847
2021-03-18,16.25,16.45,16.0,16.0,312
2021-03-19,15.55,16.3,15.55,16.2,1212
2021-03-22,15.95,16.45,15.95,16.2,185
2021-03-23,15.85,16.45,15.85,16.25,176
2021-03-24,16.75,16.75,15.95,16.05,5043
2021-03-25,16.0,16.0,15.75,15.85,934
2021-03-26,15.85,16.0,15.8,16.0,122
2021-03-30,15.8,16.5,15.8,16.2,661
2021-03-31,16.2,16.5,15.8,16.3,301
2021-04-01,18.0,18.0,15.95,16.4,486
2021-04-05,16.05,17.25,16.05,16.15,1529
2021-04-06,16.5,16.6,15.85,16.15,138
2021-04-07,16.45,17.1,15.9,16.7,2462
2021-04-08,17.05,17.05,16.3,16.4,2297
2021-04-09,16.7,16.7,16.2,16.3,308
2021-04-12,16.3,19.5,15.7,15.8,3842
2021-04-13,15.8,15.95,15.75,15.85,124
2021-04-15,15.6,16.7,15.6,16.05,358
2021-04-16,16.55,18.0,15.75,16.1,10926
2021-04-19,16.45,17.0,15.6,15.75,1573
2021-04-20,17.9,17.9,15.6,15.7,443
2021-04-22,16.2,16.5,15.6,15.8,189
2021-04-23,15.7,16.5,15.7,15.75,235
2021-04-26,15.55,16.5,15.55,16.0,332
2021-04-27,16.3,16.3,15.95,16.15,67
2021-04-28,16.4,16.4,16.15,16.35,4230
2021-04-29,16.05,17.9,16.05,16.45,442
2021-04-30,16.4,16.4,16.15,16.15,702
2021-05-03,15.8,19.0,15.8,16.05,927
2021-05-04,18.8,18.8,15.6,16.0,515
2021-05-05,16.1,16.1,16.0,16.1,5231
2021-05-06,15.9,16.5,15.9,16.15,125
2021-05-07,16.0,16.4,16.0,16.3,630
2021-05-10,16.6,17.1,16.3,16.4,671
2021-05-11,16.4,16.4,16.1,16.35,441
2021-05-12,16.15,16.3,16.15,16.2,116
2021-05-14,16.2,16.2,16.15,16.2,196
2021-05-17,16.3,16.4,16.05,16.4,473
2021-05-18,16.6,16.65,16.5,16.6,526
2021-05-19,16.25,16.65,16.25,16.5,467
2021-05-20,16.6,16.6,16.4,16.4,548
2021-05-21,16.1,16.7,16.1,16.7,934
2021-05-24,17.0,17.9,16.35,16.7,47948
2021-05-25,18.0,18.0,16.4,16.7,28924
2021-05-26,17.85,18.95,16.45,16.8,13389
2021-05-27,18.45,18.45,16.0,16.85,1217
2021-05-28,17.2,17.3,16.6,16.95,848
2021-05-31,17.3,17.8,16.9,17.15,5023
2021-06-01,16.9,17.5,16.9,17.15,840
2021-06-02,17.5,17.5,17.0,17.2,498
2021-06-03,17.3,17.3,17.2,17.3,1838
2021-06-04,17.5,17.65,17.25,17.3,602
2021-06-07,17.5,17.5,17.3,17.35,785
2021-06-08,17.5,17.5,17.3,17.3,1290
2021-06-09,17.35,17.45,17.2,17.25,331
2021-06-10,17.3,17.4,17.3,17.3,34271
2021-06-11,19.35,19.35,17.4,17.4,117826
2021-06-14,17.55,19.0,17.05,17.4,1838
2021-06-15,17.05,17.7,17.05,17.5,624
2021-06-16,17.5,17.5,17.3,17.4,266
2021-06-17,17.55,17.55,17.3,17.3,774
2021-06-18,17.4,17.4,17.15,17.4,16495
2021-06-21,17.5,17.5,17.2,17.4,505
2021-06-22,17.9,17.9,17.4,17.4,353
2021-06-23,17.6,17.6,17.35,17.35,250
2021-06-24,17.55,17.55,17.4,17.45,320
2021-06-25,17.25,17.55,17.25,17.55,351
2021-06-28,17.9,18.4,17.25,17.5,319
2021-06-29,17.65,17.65,17.4,17.45,821
2021-06-30,17.5,17.5,17.35,17.4,6896
2021-07-01,17.55,17.55,17.35,17.35,225
2021-07-02,17.5,17.5,17.35,17.4,634
2021-07-05,17.6,17.6,17.4,17.5,609
2021-07-06,17.6,17.6,17.5,17.5,275
2021-07-07,17.6,18.5,17.25,17.55,715
2021-07-08,17.55,17.55,17.4,17.45,710
2021-07-09,17.55,17.55,17.3,17.4,14762
2021-07-12,17.5,17.55,17.35,17.35,1610
2021-07-13,17.55,17.6,17.45,17.5,818
2021-07-14,17.5,17.55,17.45,17.55,348
2021-07-15,17.7,17.7,17.3,17.6,3031
2021-07-16,17.6,17.65,17.6,17.6,1440
2021-07-19,17.6,17.6,17.25,17.45,906
2021-07-20,17.6,17.6,17.25,17.4,293
2021-07-22,17.35,17.55,17.35,17.5,308
2021-07-23,17.6,17.6,17.5,17.55,390
2021-07-26,17.7,18.85,17.2,17.5,5812
2021-07-27,17.5,17.65,17.3,17.45,681
2021-07-28,17.6,17.6,17.25,17.4,295
2021-07-29,17.55,17.55,17.4,17.45,39880
2021-07-30,17.6,17.6,17.45,17.45,1358
2021-08-02,17.65,17.65,17.3,17.6,653
2021-08-03,17.7,17.85,17.6,17.8,897
2021-08-04,17.95,18.0,17.8,18.0,938
2021-08-05,18.0,18.05,17.95,18.05,418
2021-08-06,18.2,18.4,17.8,18.0,1934
2021-08-09,18.15,18.15,17.75,18.0,661
2021-08-10,18.2,18.2,18.0,18.0,493
2021-08-11,18.1,18.1,17.95,18.0,194
2021-08-12,18.1,18.15,18.05,18.15,594
2021-08-13,18.0,18.3,17.8,18.3,354
2021-08-16,17.95,18.45,17.95,18.35,413
2021-08-17,18.0,18.5,18.0,18.3,274
2021-08-18,18.5,18.5,18.1,18.4,809
2021-08-20,18.0,18.5,18.0,18.25,261
2021-08-23,18.05,18.45,18.05,18.3,295
2021-08-24,18.45,19.0,18.1,18.45,836
2021-08-25,18.6,18.6,18.45,18.45,451
2021-08-26,18.6,18.6,18.2,18.45,819
2021-08-27,18.6,18.6,18.2,18.55,403
2021-08-30,18.6,18.8,18.25,18.8,731
2021-08-31,18.95,19.3,18.5,19.0,847
2021-09-01,19.15,19.15,18.95,18.95,540
2021-09-02,19.2,19.2,18.6,19.1,473
2021-09-03,19.2,19.25,19.1,19.2,285
2021-09-06,19.4,19.4,18.9,19.25,1002
2021-09-07,19.3,19.35,19.2,19.25,984
2021-09-08,19.0,19.4,19.0,19.25,69
2021-09-09,19.4,19.4,19.0,19.25,168
2021-09-13,19.4,19.4,19.15,19.25,1452
2021-09-14,19.45,19.45,19.1,19.2,1462
2021-09-15,19.35,19.45,18.95,19.45,290
2021-09-16,19.5,19.6,19.4,19.55,155
2021-09-17,19.65,19.75,19.5,19.5,572
2021-09-20,21.3,21.3,19.3,19.3,28734
2021-09-21,19.7,19.7,19.25,19.45,1086
2021-09-22,19.65,19.65,19.45,19.5,460
2021-09-23,19.15,19.8,19.15,19.75,1812
2021-09-24,19.4,19.95,19.4,19.75,782
2021-09-27,19.95,19.95,18.85,19.8,602
2021-09-28,19.95,19.95,19.4,19.45,520
2021-09-29,19.6,20.2,19.4,19.65,1947
2021-09-30,19.85,19.85,19.5,19.55,861
2021-10-01,19.7,19.7,19.35,19.45,1360
2021-10-04,19.25,19.7,19.25,19.65,912
2021-10-05,19.65,19.8,19.55,19.75,1137
2021-10-06,19.4,19.9,19.4,19.55,425
2021-10-07,19.4,20.1,19.4,19.7,299
2021-10-08,19.9,19.9,19.8,19.8,144
2021-10-11,19.9,20.0,19.75,19.9,1075
2021-10-12,20.0,20.0,19.8,19.9,1088
2021-10-13,20.1,20.2,19.85,20.1,426
2021-10-14,19.65,21.4,19.65,20.3,2121
2021-10-18,20.5,21.1,20.1,20.5,2771
2021-10-19,20.0,20.7,20.0,20.35,1630
2021-10-20,20.55,20.55,20.1,20.25,148
2021-10-21,20.45,20.65,20.0,20.15,889
2021-10-22,19.8,20.4,19.8,20.1,245
2021-10-25,20.3,20.3,19.7,20.15,1812
2021-10-26,19.75,20.4,19.75,20.3,341
2021-10-27,19.65,20.5,19.65,20.2,1148
2021-10-28,20.4,20.4,19.8,19.85,2071
2021-10-29,19.5,20.0,19.5,19.6,1105
2021-11-01,19.25,20.15,19.25,19.9,171
2021-11-02,20.1,20.1,19.5,19.85,414
2021-11-03,20.1,20.1,19.75,19.8,321
2021-11-04,20.1,20.1,19.9,19.9,188
2021-11-08,20.1,20.4,19.8,20.1,1962
2021-11-09,19.85,20.1,19.85,20.05,585
2021-11-10,19.8,20.05,19.8,20.0,608
2021-11-11,20.15,20.15,19.8,19.85,421
2021-11-12,19.95,20.15,19.9,20.1,738
2021-11-15,20.3,20.3,19.95,20.1,1622
2021-11-16,20.1,20.2,19.9,20.0,134
2021-11-17,19.9,20.0,19.85,19.95,147
2021-11-18,20.05,20.05,19.7,19.75,615
2021-11-22,19.95,20.0,19.25,19.4,4279
2021-11-23,19.2,19.5,19.2,19.45,3165
2021-11-24,19.65,19.65,19.2,19.4,5516
2021-11-25,19.6,19.79,19.37,19.58,114973
2021-11-26,21.6,21.6,18.9,18.95,40858
2021-11-29,19.15,19.4,18.03,18.93,28623
2021-11-30,19.1,19.26,18.4,18.85,72232
2021-12-01,18.85,19.3,18.85,19.1,28474
2021-12-02,19.29,19.39,18.8,19.24,16182
2021-12-03,19.49,19.49,19.05,19.14,15608
2021-12-06,19.0,20.5,18.6,18.82,950562
2021-12-07,19.29,19.29,18.76,19.07,605489
2021-12-08,19.6,20.1,18.75,19.42,894478
2021-12-09,20.9,20.9,19.32,19.45,898249
2021-12-10,19.75,19.9,19.11,19.41,970153
2021-12-13,19.49,19.7,19.25,19.29,30632
2021-12-14,19.49,19.6,19.1,19.26,36776
2021-12-15,19.49,19.49,18.91,19.15,13069
2021-12-16,19.49,19.49,18.88,19.17,20031
2021-12-17,19.17,19.44,18.85,18.88,15740
2021-12-20,18.6,19.4,18.1,18.51,1884374
2021-12-21,18.51,19.05,18.35,18.64,1308686
2021-12-22,18.8,18.98,18.3,18.78,3617812
2021-12-23,18.9,19.16,18.7,18.93,2697438
2021-12-24,19.0,19.14,18.77,18.91,2133536
2021-12-27,19.0,19.15,18.6,18.99,11755
2021-12-28,19.15,19.24,18.87,19.11,24368
2021-12-29,19.17,19.35,19.02,19.16,3657835
2021-12-30,19.16,19.32,18.91,19.14,3615704
2021-12-31,19.15,19.46,18.96,19.3,7577411
2022-01-03,19.4,19.75,19.2,19.63,2612926
2022-01-04,19.7,19.91,19.29,19.83,3066752
2022-01-05,19.87,19.98,19.47,19.93,29584
2022-01-06,19.94,19.95,19.56,19.7,41464
2022-01-07,19.7,19.94,19.55,19.77,42407
2022-01-10,20.19,20.19,19.5,19.97,45785
2022-01-11,20.4,20.4,19.85,20.08,37729
2022-01-12,20.08,20.39,19.9,20.24,56612
2022-01-13,20.01,20.42,20.01,20.24,45843
2022-01-14,20.24,20.35,20.05,20.25,23253
2022-01-17,20.39,20.54,19.92,20.37,32020
2022-01-18,20.2,20.52,20.1,20.14,3091572
2022-01-19,20.6,20.6,19.88,19.96,77593
2022-01-20,19.9,20.36,19.62,19.74,51849
2022-01-21,19.65,19.89,19.45,19.61,829306
2022-01-24,19.61,19.84,18.92,19.09,3089114
2022-01-25,19.1,19.29,18.65,19.19,2710853
2022-01-27,19.19,19.39,18.76,19.03,2664624
2022-01-28,19.34,19.52,18.92,19.02,2147378
2022-01-31,19.02,19.44,19.02,19.28,31632
2022-02-01,19.5,19.74,19.1,19.54,3038036
2022-02-02,19.74,19.79,19.4,19.76,42145
2022-02-03,19.25,19.95,19.22,19.51,1055746
2022-02-04,19.51,19.74,19.22,19.48,22215
2022-02-07,19.48,19.74,19.08,19.15,62709
2022-02-08,19.15,19.39,18.95,19.21,29824
2022-02-09,19.3,19.48,19.1,19.38,47211
2022-02-10,19.55,19.65,19.2,19.59,40810
2022-02-11,19.69,19.69,19.25,19.33,29410
2022-02-14,19.33,19.39,18.71,18.75,87932
2022-02-15,18.75,19.28,18.71,19.25,55200
2022-02-16,19.49,19.49,19.15,19.26,29747
2022-02-17,19.55,19.55,19.11,19.23,51765
2022-02-18,19.39,19.39,18.92,19.21,20325
2022-02-21,19.21,19.38,19.01,19.1,48518
2022-02-22,19.38,19.38,18.71,18.99,107788
2022-02-23,19.24,19.41,18.81,19.0,82697
2022-02-24,18.85,18.85,18.05,18.17,109277
2022-02-25,18.49,18.69,18.05,18.52,42356
2022-02-28,18.52,18.7,18.16,18.67,27316
2022-03-02,18.75,18.75,18.34,18.53,45303
2022-03-03,18.8,18.8,18.33,18.36,62602
2022-03-04,18.33,18.49,18.0,18.1,72303
2022-03-07,17.72,18.1,17.53,17.93,200466
2022-03-08,17.93,18.19,17.5,17.82,80395
2022-03-09,18.28,18.28,17.5,18.2,39872
2022-03-10,18.5,18.75,18.1,18.45,70291
2022-03-11,18.45,18.8,18.06,18.51,40403
2022-03-14,18.51,18.79,18.1,18.73,73492
2022-03-15,18.95,19.0,18.39,18.57,72912
2022-03-16,18.8,18.95,18.58,18.85,41094
2022-03-17,19.25,19.28,18.96,19.22,32936
2022-03-21,19.5,19.5,18.95,19.03,35280
2022-03-22,19.4,19.4,18.92,19.24,62853
2022-03-23,19.24,19.5,19.04,19.18,2947871
2022-03-24,19.25,19.25,18.82,19.13,2937515
2022-03-25,19.38,19.38,18.95,19.06,2940332
2022-03-28,18.85,19.28,18.82,19.15,52374
2022-03-29,19.15,19.42,18.85,19.24,70702
2022-03-30,19.49,19.49,19.0,19.44,104161
2022-03-31,19.5,19.58,19.2,19.39,17761
2022-04-01,19.2,19.68,19.2,19.59,23920
2022-04-04,19.59,20.14,19.27,20.07,58856
2022-04-05,20.25,20.25,19.5,19.98,36649
2022-04-06,19.6,20.39,19.51,19.81,38472
2022-04-07,20.37,20.5,19.61,19.64,66825
2022-04-08,20.08,20.08,19.56,19.78,27075
2022-04-11,19.99,19.99,19.6,19.66,29856
2022-04-12,19.51,19.8,19.4,19.54,63625
2022-04-13,19.74,19.74,19.4,19.48,18764
2022-04-18,19.48,19.48,19.02,19.14,122915
2022-04-19,19.49,19.49,18.75,19.06,549536
2022-04-20,19.25,19.25,18.9,19.04,26057
2022-04-21,19.25,19.39,18.25,19.33,93030
2022-04-22,19.6,19.6,18.75,19.16,54101
2022-04-25,19.14,19.16,18.75,18.91,78091
2022-04-26,19.25,19.25,18.7,19.1,18870
2022-04-27,20.29,20.29,18.75,18.99,12839
2022-04-28,19.25,19.25,18.75,19.21,27836
2022-04-29,19.35,19.35,18.85,19.09,21812
2022-05-02,18.75,19.25,18.75,18.99,28097
2022-05-04,18.75,19.2,18.4,18.6,67894
2022-05-05,19.05,19.05,18.5,18.59,31417
2022-05-06,18.4,18.68,18.21,18.32,52137
2022-05-09,18.05,18.45,18.0,18.17,127944
2022-05-10,19.93,19.93,18.0,18.09,21083
2022-05-12,18.0,18.5,17.5,17.63,64688
2022-05-13,17.63,17.95,17.55,17.61,54436
2022-05-16,17.5,18.1,17.5,17.67,23956
2022-05-17,17.72,18.25,17.67,18.09,22567
2022-05-18,18.45,18.47,18.06,18.13,487006
2022-05-19,18.13,18.13,17.56,17.66,34105
2022-05-20,17.94,18.15,17.66,18.1,22588
2022-05-23,18.1,18.38,17.9,18.03,15295
2022-05-24,18.4,18.4,17.7,17.98,40678
2022-05-25,17.98,18.45,17.86,17.89,30059
2022-05-26,18.35,18.35,17.7,18.05,33458
2022-05-27,18.45,19.0,18.09,18.26,24871
2022-05-30,18.26,18.65,18.15,18.56,38432
2022-05-31,18.8,19.0,18.26,18.52,43926
2022-06-01,18.9,18.9,18.37,18.44,11270
2022-06-02,18.65,18.7,17.94,18.55,30981
2022-06-03,19.69,19.69,18.5,18.55,23835
2022-06-06,18.57,18.65,18.4,18.56,186539
2022-06-07,18.75,18.75,18.3,18.33,25231
2022-06-08,18.55,18.55,18.15,18.26,24384
2022-06-09,18.3,18.47,18.1,18.39,9211
2022-06-10,18.39,19.74,18.1,18.14,26505
2022-06-13,18.4,18.4,17.5,17.6,56168
2022-06-14,17.58,17.76,17.5,17.62,10804
2022-06-15,17.62,17.88,17.5,17.57,798170
2022-06-16,17.62,17.88,17.15,17.22,39800
2022-06-17,17.35,17.4,17.0,17.12,40713
2022-06-20,17.5,17.5,16.81,17.13,13772
2022-06-21,17.35,17.57,17.15,17.51,19007
2022-06-22,17.55,17.6,17.2,17.28,12091
2022-06-23,17.8,17.8,17.19,17.38,13111
2022-06-24,17.8,17.8,17.4,17.61,13226
2022-06-27,17.73,17.91,17.68,17.7,20735
2022-06-28,17.6,17.78,17.55,17.74,13145
2022-06-29,17.65,17.75,17.3,17.7,10564
2022-06-30,17.89,17.89,17.51,17.63,11145
2022-07-01,17.9,17.9,17.25,17.6,29235
2022-07-04,18.2,18.2,17.5,17.7,10359
2022-07-05,17.75,18.05,17.6,17.69,26916
2022-07-06,18.2,18.2,17.35,17.87,13737
2022-07-07,18.2,18.2,17.82,18.05,36794
2022-07-08,18.2,18.25,17.8,18.17,20326
2022-07-11,18.45,18.45,17.85,18.18,26853
2022-07-12,18.18,18.25,17.85,18.0,19138
2022-07-13,18.24,18.24,17.85,17.9,26857
2022-07-14,18.25,18.25,17.77,17.84,15339
2022-07-15,17.84,18.25,17.5,17.95,24990
2022-07-18,18.25,18.45,17.7,18.26,50268
2022-07-19,18.49,18.49,18.0,18.28,4131883
2022-07-20,18.35,18.58,18.25,18.53,51735
2022-07-21,18.53,18.75,18.25,18.54,15887
2022-07-22,18.44,18.8,18.4,18.7,22382
2022-07-25,18.7,18.94,18.4,18.66,35230
2022-07-26,18.66,18.7,18.47,18.49,9524
2022-07-27,18.11,18.65,18.11,18.62,22263
2022-07-28,18.52,19.08,18.5,18.95,6891857
2022-07-29,19.25,19.25,18.95,19.23,25292
2022-08-01,19.5,19.5,19.13,19.4,42067
2022-08-02,19.4,19.5,19.1,19.44,43288
2022-08-03,19.5,19.5,19.19,19.43,40432
2022-08-04,19.43,19.74,19.27,19.5,30749
2022-08-05,19.4,19.7,17.75,19.53,17867
2022-08-08,19.53,19.75,19.0,19.62,176360
2022-08-10,19.62,19.79,19.47,19.7,33781
2022-08-11,19.9,19.9,19.35,19.82,32458
2022-08-12,19.82,19.97,19.5,19.87,34196
2022-08-16,19.87,20.4,19.7,19.96,40068
2022-08-17,19.96,20.62,19.96,20.12,2083258
2022-08-18,20.12,20.18,19.75,20.14,31575
2022-08-19,20.14,20.35,19.9,19.97,34568
2022-08-22,19.97,20.02,19.59,19.65,52088
2022-08-23,19.65,20.3,19.5,19.76,17546
2022-08-24,20.38,20.38,19.5,19.79,19011
2022-08-25,19.99,19.99,19.53,19.69,3722859
2022-08-26,19.98,19.98,19.68,19.73,16960
2022-08-29,19.69,19.69,19.26,19.46,36067
2022-08-30,19.46,19.99,19.46,19.9,27726
2022-09-01,19.99,19.99,17.94,19.66,3613330
2022-09-02,19.99,19.99,19.56,19.71,15139
